"","date","M","PresidentS","minterm","hm","hmc","ld","popM","popM.li","latentM","instituteM","term","country"
"71",1985-03-15,"1985-03","SARNEY",0,FALSE,0,FALSE,NA,50.075,36.8004671780298,NA,"SARNEY","Brazil"
"72",1985-04-15,"1985-04","SARNEY",1,FALSE,0,FALSE,43.15,43.15,32.5300485534876,"_Multiple","SARNEY","Brazil"
"73",1985-05-15,"1985-05","SARNEY",2,FALSE,0,FALSE,57,57,41.0708858025719,"Gallup","SARNEY","Brazil"
"74",1985-06-15,"1985-06","SARNEY",3,FALSE,0,FALSE,45.2,45.2,40.389611261244,"Datafolha","SARNEY","Brazil"
"75",1985-07-15,"1985-07","SARNEY",4,FALSE,0,FALSE,NA,45.1,40.5826848074124,NA,"SARNEY","Brazil"
"76",1985-08-15,"1985-08","SARNEY",5,FALSE,0,FALSE,45,45,36.7378848054774,"Gallup","SARNEY","Brazil"
"77",1985-09-15,"1985-09","SARNEY",6,FALSE,0,FALSE,NA,43.2,33.1975067517006,NA,"SARNEY","Brazil"
"78",1985-10-15,"1985-10","SARNEY",7,FALSE,0,FALSE,NA,41.4,32.5011161839828,NA,"SARNEY","Brazil"
"79",1985-11-15,"1985-11","SARNEY",8.1,FALSE,0,FALSE,NA,39.6,32.3558314744979,NA,"SARNEY","Brazil"
"80",1985-12-15,"1985-12","SARNEY",9,FALSE,0,FALSE,NA,37.8,32.3236178407633,NA,"SARNEY","Brazil"
"81",1986-01-15,"1986-01","SARNEY",10.1,FALSE,0,FALSE,36,36,30.1127408401739,"Gallup","SARNEY","Brazil"
"82",1986-02-15,"1986-02","SARNEY",11.1,FALSE,0,FALSE,NA,53.5,39.4437805908348,NA,"SARNEY","Brazil"
"83",1986-03-15,"1986-03","SARNEY",12,FALSE,0,FALSE,71,71,40.9252000709947,"IBOPE","SARNEY","Brazil"
"84",1986-04-15,"1986-04","SARNEY",13,FALSE,0,FALSE,81,81,54.7343924976328,"Gallup","SARNEY","Brazil"
"85",1986-05-15,"1986-05","SARNEY",14,FALSE,0,FALSE,NA,78.5,56.8023274138933,NA,"SARNEY","Brazil"
"86",1986-06-15,"1986-06","SARNEY",15,FALSE,0,FALSE,76,76,56.2390580026417,"Gallup","SARNEY","Brazil"
"87",1986-07-15,"1986-07","SARNEY",16,FALSE,0,FALSE,NA,72.6666666666667,53.324774595649,NA,"SARNEY","Brazil"
"88",1986-08-15,"1986-08","SARNEY",17,FALSE,0,FALSE,NA,69.3333333333333,52.8301561479314,NA,"SARNEY","Brazil"
"89",1986-09-15,"1986-09","SARNEY",18,FALSE,0,FALSE,66,66,50.2968496489964,"Gallup","SARNEY","Brazil"
"90",1986-10-15,"1986-10","SARNEY",19,FALSE,0,FALSE,NA,50,40.7753478361088,NA,"SARNEY","Brazil"
"91",1986-11-15,"1986-11","SARNEY",20.1,FALSE,0,FALSE,34,34,35.1314766142569,"Datafolha","SARNEY","Brazil"
"92",1986-12-15,"1986-12","SARNEY",21,FALSE,0,FALSE,47,47,36.659070471813,"Gallup","SARNEY","Brazil"
"93",1987-01-15,"1987-01","SARNEY",22.1,FALSE,0,FALSE,NA,36.5,30.8889289035876,NA,"SARNEY","Brazil"
"94",1987-02-15,"1987-02","SARNEY",23.1,FALSE,0,FALSE,26,26,24.7401198140523,"Gallup","SARNEY","Brazil"
"95",1987-03-15,"1987-03","SARNEY",24,FALSE,0,FALSE,32.6,32.6,20.164483059688,"IBOPE","SARNEY","Brazil"
"96",1987-04-15,"1987-04","SARNEY",25,FALSE,0,FALSE,NA,20.8,12.2495939019521,NA,"SARNEY","Brazil"
"97",1987-05-15,"1987-05","SARNEY",26,FALSE,0,FALSE,9,9,15.5545162771429,"Datafolha","SARNEY","Brazil"
"98",1987-06-15,"1987-06","SARNEY",27,FALSE,0,FALSE,NA,14.525,19.5184874284341,NA,"SARNEY","Brazil"
"99",1987-07-15,"1987-07","SARNEY",28,FALSE,0,FALSE,20.05,20.05,18.8950617195546,"_Multiple","SARNEY","Brazil"
"100",1987-08-15,"1987-08","SARNEY",29,FALSE,0,FALSE,NA,18.975,18.4269465713415,NA,"SARNEY","Brazil"
"101",1987-09-15,"1987-09","SARNEY",30,FALSE,0,FALSE,17.9,17.9,17.402424621338,"_Multiple","SARNEY","Brazil"
"102",1987-10-15,"1987-10","SARNEY",31,FALSE,0,FALSE,NA,14.45,14.9374544641831,NA,"SARNEY","Brazil"
"103",1987-11-15,"1987-11","SARNEY",32.1,FALSE,0,FALSE,11,11,17.318432772841,"Datafolha","SARNEY","Brazil"
"104",1987-12-15,"1987-12","SARNEY",33,FALSE,0,FALSE,12,12,14.2302646620783,"Gallup","SARNEY","Brazil"
"105",1988-01-15,"1988-01","SARNEY",34.1,FALSE,0,FALSE,NA,11,13.2852131617359,NA,"SARNEY","Brazil"
"106",1988-02-15,"1988-02","SARNEY",35.1,FALSE,0,FALSE,NA,10,13.0482070049782,NA,"SARNEY","Brazil"
"107",1988-03-15,"1988-03","SARNEY",36,FALSE,0,FALSE,9,9,12.4860413633641,"_Multiple","SARNEY","Brazil"
"108",1988-04-15,"1988-04","SARNEY",37.1,FALSE,0,FALSE,NA,9.25,11.8789418578748,NA,"SARNEY","Brazil"
"109",1988-05-15,"1988-05","SARNEY",38,FALSE,0,FALSE,NA,9.5,11.7622313387046,NA,"SARNEY","Brazil"
"110",1988-06-15,"1988-06","SARNEY",39.1,FALSE,0,FALSE,NA,9.75,11.7385027185325,NA,"SARNEY","Brazil"
"111",1988-07-15,"1988-07","SARNEY",40,FALSE,0,FALSE,10,10,11.7580735732622,"Gallup","SARNEY","Brazil"
"112",1988-08-15,"1988-08","SARNEY",41.1,FALSE,0,FALSE,NA,11,12.3177903732839,NA,"SARNEY","Brazil"
"113",1988-09-15,"1988-09","SARNEY",42.1,FALSE,0,FALSE,12,12,12.9006905573198,"Gallup","SARNEY","Brazil"
"114",1988-10-15,"1988-10","SARNEY",43.1,FALSE,0,FALSE,7,7,14.2014116650707,"Datafolha","SARNEY","Brazil"
"115",1988-11-15,"1988-11","SARNEY",44.1,FALSE,0,FALSE,NA,7.75,14.8574746142103,NA,"SARNEY","Brazil"
"116",1988-12-15,"1988-12","SARNEY",45.1,FALSE,0,FALSE,8.5,8.5,12.8097358174044,"_Multiple","SARNEY","Brazil"
"117",1989-01-15,"1989-01","SARNEY",46.1,FALSE,0,FALSE,NA,11.25,13.3101434743285,NA,"SARNEY","Brazil"
"118",1989-02-15,"1989-02","SARNEY",47.1,FALSE,0,FALSE,14,14,14.1530200363619,"Gallup","SARNEY","Brazil"
"119",1989-03-15,"1989-03","SARNEY",48,FALSE,0,FALSE,9,9,12.6881040720255,"_Multiple","SARNEY","Brazil"
"120",1989-04-15,"1989-04","SARNEY",49.1,FALSE,0,FALSE,13,13,13.8674814457714,"_Multiple","SARNEY","Brazil"
"121",1989-05-15,"1989-05","SARNEY",50,FALSE,0,FALSE,16,16,15.4493204699526,"Gallup","SARNEY","Brazil"
"122",1989-06-15,"1989-06","SARNEY",51.1,FALSE,0,FALSE,NA,12,14.1161109522959,NA,"SARNEY","Brazil"
"123",1989-07-15,"1989-07","SARNEY",52,FALSE,0,FALSE,8,8,9.60552955201881,"IBOPE","SARNEY","Brazil"
"124",1989-08-15,"1989-08","SARNEY",53.1,FALSE,0,FALSE,NA,6.5,7.62983185447971,NA,"SARNEY","Brazil"
"125",1989-09-15,"1989-09","SARNEY",54.1,FALSE,0,FALSE,5,5,11.4305245846731,"Datafolha","SARNEY","Brazil"
"126",1989-10-15,"1989-10","SARNEY",55.1,FALSE,0,FALSE,NA,7,13.5260695788721,NA,"SARNEY","Brazil"
"127",1989-11-15,"1989-11","SARNEY",56.1,FALSE,0,TRUE,9,9,9.95776798203561,"IBOPE","SARNEY","Brazil"
"128",1989-12-15,"1989-12","SARNEY",57.1,FALSE,0,TRUE,NA,10.5,8.64428660204251,NA,"SARNEY","Brazil"
"129",1990-01-15,"1990-01","SARNEY",58.1,FALSE,0,TRUE,12,12,12.711726495619,"_Multiple","SARNEY","Brazil"
"130",1990-02-15,"1990-02","SARNEY",59.1,FALSE,0,TRUE,12.5,12.5,14.1485250595237,"_Multiple","SARNEY","Brazil"
"131",1990-03-15,"1990-03","COLLOR",0,TRUE,6,FALSE,71,71,46.0546189751515,"Datafolha","COLLOR","Brazil"
"132",1990-04-15,"1990-04","COLLOR",1,TRUE,5,FALSE,69,69,50.4762621022574,"Gallup","COLLOR","Brazil"
"133",1990-05-15,"1990-05","COLLOR",2,TRUE,4,FALSE,42,42,37.2334715564288,"Gallup","COLLOR","Brazil"
"134",1990-06-15,"1990-06","COLLOR",3,TRUE,3,FALSE,34.5,34.5,30.9201022153431,"_Multiple","COLLOR","Brazil"
"135",1990-07-15,"1990-07","COLLOR",4,TRUE,2,FALSE,NA,35.325,29.7891434831072,NA,"COLLOR","Brazil"
"136",1990-08-15,"1990-08","COLLOR",5,FALSE,1,FALSE,36.15,36.15,29.4596961257845,"_Multiple","COLLOR","Brazil"
"137",1990-09-15,"1990-09","COLLOR",6,FALSE,0,FALSE,34,34,30.6029970397433,"Datafolha","COLLOR","Brazil"
"138",1990-10-15,"1990-10","COLLOR",7,FALSE,0,FALSE,42,42,32.9777657155106,"Gallup","COLLOR","Brazil"
"139",1990-11-15,"1990-11","COLLOR",8.1,FALSE,0,FALSE,NA,35.8,30.2344951015273,NA,"COLLOR","Brazil"
"140",1990-12-15,"1990-12","COLLOR",9,FALSE,0,FALSE,29.6,29.6,24.2640114594106,"IBOPE","COLLOR","Brazil"
"141",1991-01-15,"1991-01","COLLOR",10.1,FALSE,0,FALSE,33,33,26.6563246831778,"Gallup","COLLOR","Brazil"
"142",1991-02-15,"1991-02","COLLOR",11.1,FALSE,0,FALSE,27,27,21.9859776863496,"IBOPE","COLLOR","Brazil"
"143",1991-03-15,"1991-03","COLLOR",12,FALSE,0,FALSE,23,23,23.337965895096,"Datafolha","COLLOR","Brazil"
"144",1991-04-15,"1991-04","COLLOR",13,FALSE,0,FALSE,NA,22.5,23.4562426048786,NA,"COLLOR","Brazil"
"145",1991-05-15,"1991-05","COLLOR",14,FALSE,0,FALSE,22,22,20.9836194783781,"Gallup","COLLOR","Brazil"
"146",1991-06-15,"1991-06","COLLOR",15,FALSE,0,FALSE,NA,22,20.3221957610678,NA,"COLLOR","Brazil"
"147",1991-07-15,"1991-07","COLLOR",16,FALSE,0,FALSE,22,22,20.1440812348037,"Gallup","COLLOR","Brazil"
"148",1991-08-15,"1991-08","COLLOR",17,FALSE,0,FALSE,20.4,20.4,17.3121327052526,"IBOPE","COLLOR","Brazil"
"149",1991-09-15,"1991-09","COLLOR",18,FALSE,0,FALSE,18.5,18.5,18.1726667658053,"_Multiple","COLLOR","Brazil"
"150",1991-10-15,"1991-10","COLLOR",19,FALSE,0,FALSE,18,18,17.5762049220757,"Gallup","COLLOR","Brazil"
"151",1991-11-15,"1991-11","COLLOR",20.1,FALSE,0,FALSE,NA,17,16.8949013704386,NA,"COLLOR","Brazil"
"152",1991-12-15,"1991-12","COLLOR",21,FALSE,0,FALSE,16,16,16.2851877702592,"Gallup","COLLOR","Brazil"
"153",1992-01-15,"1992-01","COLLOR",22.1,FALSE,0,FALSE,13.8,13.8,13.1920618861461,"IBOPE","COLLOR","Brazil"
"154",1992-02-15,"1992-02","COLLOR",23.1,FALSE,0,FALSE,15.2,15.2,14.8024197727823,"_Multiple","COLLOR","Brazil"
"155",1992-03-15,"1992-03","COLLOR",24,FALSE,0,FALSE,16,16,16.3679783888116,"_Multiple","COLLOR","Brazil"
"156",1992-04-15,"1992-04","COLLOR",25.1,FALSE,0,FALSE,17.1,17.1,15.0236832204462,"IBOPE","COLLOR","Brazil"
"157",1992-05-15,"1992-05","COLLOR",26,FALSE,0,FALSE,19.6,19.6,17.3059420726464,"_Multiple","COLLOR","Brazil"
"158",1992-06-15,"1992-06","COLLOR",27.1,FALSE,0,FALSE,16,16,16.7237408452594,"Gallup","COLLOR","Brazil"
"159",1992-07-15,"1992-07","COLLOR",28,FALSE,0,FALSE,16,16,16.5955678759788,"Gallup","COLLOR","Brazil"
"160",1992-08-15,"1992-08","COLLOR",29.1,FALSE,0,FALSE,11.3,11.3,12.3115629947048,"IBOPE","COLLOR","Brazil"
"161",1992-09-15,"1992-09","COLLOR",30.1,FALSE,0,FALSE,9,9,12.3202083700827,"_Multiple","COLLOR","Brazil"
"162",1992-10-15,"1992-10","FRANCO",0.4,FALSE,0,FALSE,18,18,18.571330893627,"Datafolha","FRANCO","Brazil"
"163",1992-11-15,"1992-11","FRANCO",1.4,FALSE,0,FALSE,NA,24.5,23.6146659409012,NA,"FRANCO","Brazil"
"164",1992-12-15,"1992-12","FRANCO",2.4,FALSE,0,FALSE,31,31,25.9289245406952,"_Multiple","FRANCO","Brazil"
"165",1993-01-15,"1993-01","FRANCO",3.5,FALSE,0,FALSE,NA,33.5,27.583157091947,NA,"FRANCO","Brazil"
"166",1993-02-15,"1993-02","FRANCO",4.5,FALSE,0,FALSE,36,36,30.7262647543012,"Datafolha","FRANCO","Brazil"
"167",1993-03-15,"1993-03","FRANCO",5.4,FALSE,0,FALSE,22.5,22.5,24.8445489699126,"Datafolha","FRANCO","Brazil"
"168",1993-04-15,"1993-04","FRANCO",6.4,FALSE,0,FALSE,17,17,20.8767594223393,"Datafolha","FRANCO","Brazil"
"169",1993-05-15,"1993-05","FRANCO",7.4,FALSE,0,FALSE,19,19,21.0048016223576,"Datafolha","FRANCO","Brazil"
"170",1993-06-15,"1993-06","FRANCO",8.4,FALSE,0,FALSE,17,17,20.0247345820672,"Datafolha","FRANCO","Brazil"
"171",1993-07-15,"1993-07","FRANCO",9.4,FALSE,0,FALSE,NA,16,19.2915105216964,NA,"FRANCO","Brazil"
"172",1993-08-15,"1993-08","FRANCO",10.4,FALSE,0,FALSE,15,15,18.6791927451166,"Datafolha","FRANCO","Brazil"
"173",1993-09-15,"1993-09","FRANCO",11.4,FALSE,0,FALSE,14.9,14.9,18.4733457072985,"Datafolha","FRANCO","Brazil"
"174",1993-10-15,"1993-10","FRANCO",12.4,FALSE,0,FALSE,13,13,13.886984509296,"IBOPE","FRANCO","Brazil"
"175",1993-11-15,"1993-11","FRANCO",13.4,FALSE,0,FALSE,12,12,15.777845507005,"Datafolha","FRANCO","Brazil"
"176",1993-12-15,"1993-12","FRANCO",14.4,FALSE,0,FALSE,18,18,19.318976901527,"Datafolha","FRANCO","Brazil"
"177",1994-01-15,"1994-01","FRANCO",15.5,FALSE,0,FALSE,NA,15.4,18.8306455091533,NA,"FRANCO","Brazil"
"178",1994-02-15,"1994-02","FRANCO",16.5,FALSE,0,FALSE,12.8,12.8,13.9255458925448,"IBOPE","FRANCO","Brazil"
"179",1994-03-15,"1994-03","FRANCO",17.4,FALSE,0,FALSE,15,15,17.2934578318562,"Datafolha","FRANCO","Brazil"
"180",1994-04-15,"1994-04","FRANCO",18.4,FALSE,0,FALSE,17.5,17.5,17.9316645116703,"_Multiple","FRANCO","Brazil"
"181",1994-05-15,"1994-05","FRANCO",19.4,FALSE,0,FALSE,NA,21.8333333333333,21.6680067796345,NA,"FRANCO","Brazil"
"182",1994-06-15,"1994-06","FRANCO",20.4,FALSE,0,FALSE,NA,26.1666666666667,22.2835036970895,NA,"FRANCO","Brazil"
"183",1994-07-15,"1994-07","FRANCO",21.4,FALSE,0,FALSE,30.5,30.5,23.2394872109067,"IBOPE","FRANCO","Brazil"
"184",1994-08-15,"1994-08","FRANCO",22.4,FALSE,0,FALSE,37,37,30.118812269165,"Datafolha","FRANCO","Brazil"
"185",1994-09-15,"1994-09","FRANCO",23.4,FALSE,0,TRUE,32.45,32.45,29.5796470252879,"Datafolha","FRANCO","Brazil"
"186",1994-10-15,"1994-10","FRANCO",24.4,FALSE,0,TRUE,40,40,33.2881500271749,"Datafolha","FRANCO","Brazil"
"187",1994-11-15,"1994-11","FRANCO",25.4,FALSE,0,TRUE,41.9,41.9,31.6919280180849,"IBOPE","FRANCO","Brazil"
"188",1994-12-15,"1994-12","FRANCO",26.4,FALSE,0,TRUE,43.5,43.5,33.8268095295821,"_Multiple","FRANCO","Brazil"
"189",1995-01-15,"1995-01","CARDOSO",0.5,TRUE,5.5,FALSE,35.1,35.1,31.6131059931556,"Datafolha","CARDOSO","Brazil"
"190",1995-02-15,"1995-02","CARDOSO",1.5,TRUE,4.5,FALSE,57,57,41.0525421245866,"Vox","CARDOSO","Brazil"
"191",1995-03-15,"1995-03","CARDOSO",2.4,TRUE,3.6,FALSE,41,41,34.3703471910944,"_Multiple","CARDOSO","Brazil"
"192",1995-04-15,"1995-04","CARDOSO",3.4,TRUE,2.6,FALSE,39,39,32.0608338417147,"Vox","CARDOSO","Brazil"
"193",1995-05-15,"1995-05","CARDOSO",4.4,FALSE,1.6,FALSE,38,38,29.90405672296,"_Multiple","CARDOSO","Brazil"
"194",1995-06-15,"1995-06","CARDOSO",5.4,FALSE,0.6,FALSE,40.5,40.5,33.3015903974719,"_Multiple","CARDOSO","Brazil"
"195",1995-07-15,"1995-07","CARDOSO",6.4,FALSE,0,FALSE,42,42,32.3595078104115,"_Multiple","CARDOSO","Brazil"
"196",1995-08-15,"1995-08","CARDOSO",7.4,FALSE,0,FALSE,39,39,32.4610080744898,"Vox","CARDOSO","Brazil"
"197",1995-09-15,"1995-09","CARDOSO",8.4,FALSE,0,FALSE,41,41,32.8092725244917,"_Multiple","CARDOSO","Brazil"
"198",1995-10-15,"1995-10","CARDOSO",9.4,FALSE,0,FALSE,NA,42,33.8808762119411,NA,"CARDOSO","Brazil"
"199",1995-11-15,"1995-11","CARDOSO",10.5,FALSE,0,FALSE,43,43,32.4554534615416,"IBOPE","CARDOSO","Brazil"
"200",1995-12-15,"1995-12","CARDOSO",11.4,FALSE,0,FALSE,41,41,34.0519750924193,"Datafolha","CARDOSO","Brazil"
"201",1996-01-15,"1996-01","CARDOSO",12.5,FALSE,0,FALSE,NA,41,35.0551887908886,NA,"CARDOSO","Brazil"
"202",1996-02-15,"1996-02","CARDOSO",13.5,FALSE,0,FALSE,41,41,31.836740384965,"IBOPE","CARDOSO","Brazil"
"203",1996-03-15,"1996-03","CARDOSO",14.4,FALSE,0,FALSE,NA,37.5,29.0296310807436,NA,"CARDOSO","Brazil"
"204",1996-04-15,"1996-04","CARDOSO",15.5,FALSE,0,FALSE,NA,34,28.4698949423829,NA,"CARDOSO","Brazil"
"205",1996-05-15,"1996-05","CARDOSO",16.4,FALSE,0,FALSE,30.5,30.5,26.5179823762925,"_Multiple","CARDOSO","Brazil"
"206",1996-06-15,"1996-06","CARDOSO",17.5,FALSE,0,FALSE,30,30,27.2860299423525,"Datafolha","CARDOSO","Brazil"
"207",1996-07-15,"1996-07","CARDOSO",18.4,FALSE,0,FALSE,NA,34,30.1407424183275,NA,"CARDOSO","Brazil"
"208",1996-08-15,"1996-08","CARDOSO",19.5,FALSE,0,FALSE,38,38,29.1260191757533,"IBOPE","CARDOSO","Brazil"
"209",1996-09-15,"1996-09","CARDOSO",20.5,FALSE,0,FALSE,43,43,34.3189746491555,"Datafolha","CARDOSO","Brazil"
"210",1996-10-15,"1996-10","CARDOSO",21.5,FALSE,0,FALSE,NA,44.7,37.0531811332152,NA,"CARDOSO","Brazil"
"211",1996-11-15,"1996-11","CARDOSO",22.5,FALSE,0,FALSE,46.4,46.4,34.9162805791514,"IBOPE","CARDOSO","Brazil"
"212",1996-12-15,"1996-12","CARDOSO",23.5,FALSE,0,FALSE,46.5,46.5,36.099547563301,"_Multiple","CARDOSO","Brazil"
"213",1997-01-15,"1997-01","CARDOSO",24.5,FALSE,0,FALSE,51,51,37.029830531176,"IBOPE","CARDOSO","Brazil"
"214",1997-02-15,"1997-02","CARDOSO",25.5,FALSE,0,FALSE,NA,48.75,37.1154313648277,NA,"CARDOSO","Brazil"
"215",1997-03-15,"1997-03","CARDOSO",26.4,FALSE,0,FALSE,46.5,46.5,36.8500708250151,"_Multiple","CARDOSO","Brazil"
"216",1997-04-15,"1997-04","CARDOSO",27.5,FALSE,0,FALSE,NA,42.25,33.0873494600117,NA,"CARDOSO","Brazil"
"217",1997-05-15,"1997-05","CARDOSO",28.4,FALSE,0,FALSE,38,38,31.7269911642232,"_Multiple","CARDOSO","Brazil"
"218",1997-06-15,"1997-06","CARDOSO",29.5,FALSE,0,FALSE,39,39,32.958069383375,"Datafolha","CARDOSO","Brazil"
"219",1997-07-15,"1997-07","CARDOSO",30.4,FALSE,0,FALSE,NA,38.5,33.4577357264271,NA,"CARDOSO","Brazil"
"220",1997-08-15,"1997-08","CARDOSO",31.5,FALSE,0,FALSE,38,38,30.1153955293107,"IBOPE","CARDOSO","Brazil"
"221",1997-09-15,"1997-09","CARDOSO",32.5,FALSE,0,FALSE,39.5,39.5,33.9355944990024,"_Multiple","CARDOSO","Brazil"
"222",1997-10-15,"1997-10","CARDOSO",33.5,FALSE,0,FALSE,43,43,32.64726632172,"IBOPE","CARDOSO","Brazil"
"223",1997-11-15,"1997-11","CARDOSO",34.5,FALSE,0,FALSE,NA,40.25,30.7543806203166,NA,"CARDOSO","Brazil"
"224",1997-12-15,"1997-12","CARDOSO",35.5,FALSE,0,FALSE,37.5,37.5,31.8446956709533,"_Multiple","CARDOSO","Brazil"
"225",1998-01-15,"1998-01","CARDOSO",36.5,FALSE,0,FALSE,37.5,37.5,31.2868796624934,"_Multiple","CARDOSO","Brazil"
"226",1998-02-15,"1998-02","CARDOSO",37.5,FALSE,0,FALSE,NA,38,29.9600471840871,NA,"CARDOSO","Brazil"
"227",1998-03-15,"1998-03","CARDOSO",38.4,FALSE,0,FALSE,38.5,38.5,30.8935992210622,"_Multiple","CARDOSO","Brazil"
"228",1998-04-15,"1998-04","CARDOSO",39.5,FALSE,0,FALSE,33,33,30.2579178767362,"_Multiple","CARDOSO","Brazil"
"229",1998-05-15,"1998-05","CARDOSO",40.4,FALSE,0,FALSE,31,31,27.7877763149952,"_Multiple","CARDOSO","Brazil"
"230",1998-06-15,"1998-06","CARDOSO",41.5,FALSE,0,FALSE,31,31,27.9573667535675,"_Multiple","CARDOSO","Brazil"
"231",1998-07-15,"1998-07","CARDOSO",42.4,FALSE,0,FALSE,38.3333333333333,38.3333333333333,31.0910997156026,"_Multiple","CARDOSO","Brazil"
"232",1998-08-15,"1998-08","CARDOSO",43.5,FALSE,0,FALSE,39.5,39.5,32.9410809929341,"_Multiple","CARDOSO","Brazil"
"233",1998-09-15,"1998-09","CARDOSO",44.5,FALSE,0,FALSE,44,44,35.6040865455982,"_Multiple","CARDOSO","Brazil"
"234",1998-10-15,"1998-10","CARDOSO",45.5,FALSE,0,FALSE,NA,40.5,33.7165182222759,NA,"CARDOSO","Brazil"
"235",1998-11-15,"1998-11","CARDOSO",46.5,FALSE,0,FALSE,NA,37,33.4454574553671,NA,"CARDOSO","Brazil"
"236",1998-12-15,"1998-12","CARDOSO",47.5,FALSE,0,FALSE,33.5,33.5,31.125536373831,"_Multiple","CARDOSO","Brazil"
"237",1999-01-15,"1999-01","CARDOSO",48.5,FALSE,0,FALSE,27,27,26.8719144803378,"Vox","CARDOSO II","Brazil"
"238",1999-02-15,"1999-02","CARDOSO",49.5,FALSE,0,FALSE,21,21,22.6941289842112,"Datafolha","CARDOSO II","Brazil"
"239",1999-03-15,"1999-03","CARDOSO",50.4,FALSE,0,FALSE,19,19,19.3007333082106,"_Multiple","CARDOSO II","Brazil"
"240",1999-04-15,"1999-04","CARDOSO",51.5,FALSE,0,FALSE,17,17,17.6073664669927,"Vox","CARDOSO II","Brazil"
"241",1999-05-15,"1999-05","CARDOSO",52.4,FALSE,0,FALSE,16.5,16.5,16.2820871716634,"_Multiple","CARDOSO II","Brazil"
"242",1999-06-15,"1999-06","CARDOSO",53.5,FALSE,0,FALSE,16,16,17.8649835413305,"Datafolha","CARDOSO II","Brazil"
"243",1999-07-15,"1999-07","CARDOSO",54.4,FALSE,0,FALSE,14,14,15.2837472339516,"_Multiple","CARDOSO II","Brazil"
"244",1999-08-15,"1999-08","CARDOSO",55.5,FALSE,0,FALSE,12,12,13.4774444973203,"Vox","CARDOSO II","Brazil"
"245",1999-09-15,"1999-09","CARDOSO",56.5,FALSE,0,FALSE,12.3333333333333,12.3333333333333,14.6207208626898,"_Multiple","CARDOSO II","Brazil"
"246",1999-10-15,"1999-10","CARDOSO",57.5,FALSE,0,FALSE,8,8,10.7914789738995,"Vox","CARDOSO II","Brazil"
"247",1999-11-15,"1999-11","CARDOSO",58.5,FALSE,0,FALSE,14,14,13.844793837393,"_Multiple","CARDOSO II","Brazil"
"248",1999-12-15,"1999-12","CARDOSO",59.5,FALSE,0,FALSE,14,14,16.1679691478911,"_Multiple","CARDOSO II","Brazil"
"249",2000-01-15,"2000-01","CARDOSO",60.5,FALSE,0,FALSE,16,16,16.3825672710577,"Vox","CARDOSO II","Brazil"
"250",2000-02-15,"2000-02","CARDOSO",61.5,FALSE,0,FALSE,18,18,17.0236646638533,"_Multiple","CARDOSO II","Brazil"
"251",2000-03-15,"2000-03","CARDOSO",62.5,FALSE,0,FALSE,17,17,18.1195065434008,"_Multiple","CARDOSO II","Brazil"
"252",2000-04-15,"2000-04","CARDOSO",63.5,FALSE,0,FALSE,14,14,15.5665678177757,"Vox","CARDOSO II","Brazil"
"253",2000-05-15,"2000-05","CARDOSO",64.5,FALSE,0,FALSE,17.5,17.5,16.7439741017435,"_Multiple","CARDOSO II","Brazil"
"254",2000-06-15,"2000-06","CARDOSO",65.5,FALSE,0,FALSE,16,16,18.0413975519087,"_Multiple","CARDOSO II","Brazil"
"255",2000-07-15,"2000-07","CARDOSO",66.5,FALSE,0,FALSE,19,19,18.6825497338739,"Vox","CARDOSO II","Brazil"
"256",2000-08-15,"2000-08","CARDOSO",67.5,FALSE,0,FALSE,19.4,19.4,17.2050311120763,"_Multiple","CARDOSO II","Brazil"
"257",2000-09-15,"2000-09","CARDOSO",68.5,FALSE,0,FALSE,21.1,21.1,17.391825250592,"Sensus","CARDOSO II","Brazil"
"258",2000-10-15,"2000-10","CARDOSO",69.5,FALSE,0,FALSE,21.8666666666667,21.8666666666667,20.8399540518711,"_Multiple","CARDOSO II","Brazil"
"259",2000-11-15,"2000-11","CARDOSO",70.5,FALSE,0,FALSE,19.1,19.1,18.3438458350443,"Sensus","CARDOSO II","Brazil"
"260",2000-12-15,"2000-12","CARDOSO",71.5,FALSE,0,FALSE,24,24,21.1706786811618,"_Multiple","CARDOSO II","Brazil"
"261",2001-01-15,"2001-01","CARDOSO",72.5,FALSE,0,FALSE,25.4,25.4,21.9163078782644,"Sensus","CARDOSO II","Brazil"
"262",2001-02-15,"2001-02","CARDOSO",73.5,FALSE,0,FALSE,26.2,26.2,22.5482157733513,"Sensus","CARDOSO II","Brazil"
"263",2001-03-15,"2001-03","CARDOSO",74.5,FALSE,0,FALSE,28.4333333333333,28.4333333333333,23.5907548111276,"_Multiple","CARDOSO II","Brazil"
"264",2001-04-15,"2001-04","CARDOSO",75.5,FALSE,0,FALSE,29.7,29.7,24.5978443259904,"Sensus","CARDOSO II","Brazil"
"265",2001-05-15,"2001-05","CARDOSO",76.5,FALSE,0,FALSE,22.1,22.1,20.6318270387325,"Sensus","CARDOSO II","Brazil"
"266",2001-06-15,"2001-06","CARDOSO",77.5,FALSE,0,FALSE,18.5666666666667,18.5666666666667,18.9077282776127,"_Multiple","CARDOSO II","Brazil"
"267",2001-07-15,"2001-07","CARDOSO",78.5,FALSE,0,FALSE,19.8,19.8,18.1580097774916,"Sensus","CARDOSO II","Brazil"
"268",2001-08-15,"2001-08","CARDOSO",79.5,FALSE,0,FALSE,21.7,21.7,19.0566565358939,"Sensus","CARDOSO II","Brazil"
"269",2001-09-15,"2001-09","CARDOSO",80.5,FALSE,0,FALSE,22,22,20.3737535410483,"_Multiple","CARDOSO II","Brazil"
"270",2001-10-15,"2001-10","CARDOSO",81.5,FALSE,0,FALSE,22,22,19.6746237666558,"Sensus","CARDOSO II","Brazil"
"271",2001-11-15,"2001-11","CARDOSO",82.5,FALSE,0,FALSE,24,24,22.5693705273401,"Datafolha","CARDOSO II","Brazil"
"272",2001-12-15,"2001-12","CARDOSO",83.5,FALSE,0,FALSE,22.6333333333333,22.6333333333333,21.3594588137052,"_Multiple","CARDOSO II","Brazil"
"273",2002-01-15,"2002-01","CARDOSO",84.5,FALSE,0,FALSE,26.7,26.7,22.5220038462249,"Sensus","CARDOSO II","Brazil"
"274",2002-02-15,"2002-02","CARDOSO",85.5,FALSE,0,FALSE,29.2,29.2,25.8617810278202,"_Multiple","CARDOSO II","Brazil"
"275",2002-03-15,"2002-03","CARDOSO",86.5,FALSE,0,FALSE,28.525,28.525,25.1230559471708,"_Multiple","CARDOSO II","Brazil"
"276",2002-04-15,"2002-04","CARDOSO",87.5,FALSE,0,FALSE,26.8,26.8,25.0481402455758,"_Multiple","CARDOSO II","Brazil"
"277",2002-05-15,"2002-05","CARDOSO",88.5,FALSE,0,FALSE,27.6,27.6,25.0725984590538,"_Multiple","CARDOSO II","Brazil"
"278",2002-06-15,"2002-06","CARDOSO",89.5,FALSE,0,FALSE,30.4,30.4,26.7895642504745,"_Multiple","CARDOSO II","Brazil"
"279",2002-07-15,"2002-07","CARDOSO",90.5,FALSE,0,FALSE,27.9,27.9,25.2297508742627,"_Multiple","CARDOSO II","Brazil"
"280",2002-08-15,"2002-08","CARDOSO",91.5,FALSE,0,FALSE,26.8666666666667,26.8666666666667,24.7910399136615,"_Multiple","CARDOSO II","Brazil"
"281",2002-09-15,"2002-09","CARDOSO",92.5,FALSE,0,TRUE,24.3,24.3,23.1037093380286,"_Multiple","CARDOSO II","Brazil"
"282",2002-10-15,"2002-10","CARDOSO",93.5,FALSE,0,TRUE,24.4333333333333,24.4333333333333,23.7270332361225,"_Multiple","CARDOSO II","Brazil"
"283",2002-11-15,"2002-11","CARDOSO",94.5,FALSE,0,TRUE,NA,25.2166666666667,24.2113527761843,NA,"CARDOSO II","Brazil"
"284",2002-12-15,"2002-12","CARDOSO",95.5,FALSE,0,TRUE,26,26,24.5439954130971,"Datafolha","CARDOSO II","Brazil"
"285",2003-01-15,"2003-01","LULA",0.5,TRUE,5.5,FALSE,56.6,56.6,40.1479362740735,"Sensus","LULA","Brazil"
"286",2003-02-15,"2003-02","LULA",1.5,TRUE,4.5,FALSE,NA,52.3,41.6373209343038,NA,"LULA","Brazil"
"287",2003-03-15,"2003-03","LULA",2.4,TRUE,3.6,FALSE,48,48,38.3714635866391,"_Multiple","LULA","Brazil"
"288",2003-04-15,"2003-04","LULA",3.4,TRUE,2.6,FALSE,45.35,45.35,36.5299565816594,"_Multiple","LULA","Brazil"
"289",2003-05-15,"2003-05","LULA",4.4,FALSE,1.6,FALSE,51.6,51.6,39.9204401326298,"Sensus","LULA","Brazil"
"290",2003-06-15,"2003-06","LULA",5.4,FALSE,0.6,FALSE,42.5,42.5,35.2825621121265,"_Multiple","LULA","Brazil"
"291",2003-07-15,"2003-07","LULA",6.4,FALSE,0,FALSE,46.3,46.3,36.6597376390526,"Sensus","LULA","Brazil"
"292",2003-08-15,"2003-08","LULA",7.4,FALSE,0,FALSE,46.65,46.65,37.0263907878648,"_Multiple","LULA","Brazil"
"293",2003-09-15,"2003-09","LULA",8.4,FALSE,0,FALSE,43,43,33.7862187208606,"IBOPE","LULA","Brazil"
"294",2003-10-15,"2003-10","LULA",9.4,FALSE,0,FALSE,41.8,41.8,34.2105761825452,"_Multiple","LULA","Brazil"
"295",2003-11-15,"2003-11","LULA",10.5,FALSE,0,FALSE,NA,41.5666666666667,34.5201207475383,NA,"LULA","Brazil"
"296",2003-12-15,"2003-12","LULA",11.4,FALSE,0,FALSE,41.3333333333333,41.3333333333333,33.6086490393149,"_Multiple","LULA","Brazil"
"297",2004-01-15,"2004-01","LULA",12.5,FALSE,0,FALSE,NA,40.6166666666667,32.5871544533513,NA,"LULA","Brazil"
"298",2004-02-15,"2004-02","LULA",13.5,FALSE,0,FALSE,39.9,39.9,32.5263367568118,"Sensus","LULA","Brazil"
"299",2004-03-15,"2004-03","LULA",14.4,FALSE,0,FALSE,35.5333333333333,35.5333333333333,30.3489746619743,"_Multiple","LULA","Brazil"
"300",2004-04-15,"2004-04","LULA",15.5,FALSE,0,FALSE,NA,35.0666666666667,29.0096308835263,NA,"LULA","Brazil"
"301",2004-05-15,"2004-05","LULA",16.4,FALSE,0,FALSE,34.6,34.6,28.7807128794775,"Sensus","LULA","Brazil"
"302",2004-06-15,"2004-06","LULA",17.5,FALSE,0,FALSE,29.2,29.2,25.2999285993382,"_Multiple","LULA","Brazil"
"303",2004-07-15,"2004-07","LULA",18.4,FALSE,0,FALSE,NA,32.9,25.9913028080538,NA,"LULA","Brazil"
"304",2004-08-15,"2004-08","LULA",19.5,FALSE,0,FALSE,36.6,36.6,29.3420498631595,"_Multiple","LULA","Brazil"
"305",2004-09-15,"2004-09","LULA",20.5,FALSE,0,FALSE,41.3,41.3,32.4926079514125,"Sensus","LULA","Brazil"
"306",2004-10-15,"2004-10","LULA",21.5,FALSE,0,FALSE,NA,41.15,33.8506120771103,NA,"LULA","Brazil"
"307",2004-11-15,"2004-11","LULA",22.5,FALSE,0,FALSE,41,41,32.1006312108035,"IBOPE","LULA","Brazil"
"308",2004-12-15,"2004-12","LULA",23.5,FALSE,0,FALSE,44.75,44.75,35.2959116994461,"_Multiple","LULA","Brazil"
"309",2005-01-15,"2005-01","LULA",24.5,FALSE,0,FALSE,NA,43.675,35.3957241880812,NA,"LULA","Brazil"
"310",2005-02-15,"2005-02","LULA",25.5,FALSE,0,FALSE,42.6,42.6,34.6323765930373,"Sensus","LULA","Brazil"
"311",2005-03-15,"2005-03","LULA",26.4,FALSE,0,FALSE,39,39,31.3170171797793,"IBOPE","LULA","Brazil"
"312",2005-04-15,"2005-04","LULA",27.5,FALSE,0,FALSE,41.9,41.9,33.1760491835668,"Sensus","LULA","Brazil"
"313",2005-05-15,"2005-05","LULA",28.4,FALSE,0,FALSE,39.8,39.8,32.5133511512221,"Sensus","LULA","Brazil"
"314",2005-06-15,"2005-06","LULA",29.5,FALSE,0,FALSE,35.75,35.75,30.4381884438804,"_Multiple","LULA","Brazil"
"315",2005-07-15,"2005-07","LULA",30.4,FALSE,0,FALSE,37.1,37.1,30.0700989695078,"_Multiple","LULA","Brazil"
"316",2005-08-15,"2005-08","LULA",31.5,FALSE,0,FALSE,29.6666666666667,29.6666666666667,26.9125893598006,"_Multiple","LULA","Brazil"
"317",2005-09-15,"2005-09","LULA",32.5,FALSE,0,FALSE,32.4,32.4,26.0436857361463,"_Multiple","LULA","Brazil"
"318",2005-10-15,"2005-10","LULA",33.5,FALSE,0,FALSE,29,29,25.3869672706535,"_Multiple","LULA","Brazil"
"319",2005-11-15,"2005-11","LULA",34.5,FALSE,0,FALSE,31.1,31.1,25.9159893605711,"Sensus","LULA","Brazil"
"320",2005-12-15,"2005-12","LULA",35.5,FALSE,0,FALSE,28.5,28.5,25.1976475109791,"_Multiple","LULA","Brazil"
"321",2006-01-15,"2006-01","LULA",36.5,FALSE,0,FALSE,33,33,26.2772392454869,"IBOPE","LULA","Brazil"
"322",2006-02-15,"2006-02","LULA",37.5,FALSE,0,FALSE,36.8333333333333,36.8333333333333,30.0119329563758,"_Multiple","LULA","Brazil"
"323",2006-03-15,"2006-03","LULA",38.4,FALSE,0,FALSE,38,38,30.8451476445911,"_Multiple","LULA","Brazil"
"324",2006-04-15,"2006-04","LULA",39.5,FALSE,0,FALSE,37.3,37.3,31.1049024578288,"_Multiple","LULA","Brazil"
"325",2006-05-15,"2006-05","LULA",40.4,FALSE,0,FALSE,38.4333333333333,38.4333333333333,31.3708242694121,"_Multiple","LULA","Brazil"
"326",2006-06-15,"2006-06","LULA",41.5,FALSE,0,FALSE,44,44,33.2467191064554,"IBOPE","LULA","Brazil"
"327",2006-07-15,"2006-07","LULA",42.4,FALSE,0,FALSE,39.5,39.5,31.9731177367328,"_Multiple","LULA","Brazil"
"328",2006-08-15,"2006-08","LULA",43.5,FALSE,0,FALSE,44.7,44.7,34.9684654123799,"_Multiple","LULA","Brazil"
"329",2006-09-15,"2006-09","LULA",44.5,FALSE,0,FALSE,46,46,35.6016810230177,"_Multiple","LULA","Brazil"
"330",2006-10-15,"2006-10","LULA",45.5,FALSE,0,FALSE,49.7142857142857,49.7142857142857,39.0770851104156,"_Multiple","LULA","Brazil"
"331",2006-11-15,"2006-11","LULA",46.5,FALSE,0,FALSE,NA,52.1071428571429,40.4410358108364,NA,"LULA","Brazil"
"332",2006-12-15,"2006-12","LULA",47.5,FALSE,0,FALSE,54.5,54.5,41.1760155231331,"_Multiple","LULA","Brazil"
"333",2007-01-15,"2007-01","LULA",48.5,FALSE,0,FALSE,NA,52.3333333333333,39.3629509621147,NA,"LULA II","Brazil"
"334",2007-02-15,"2007-02","LULA",49.5,FALSE,0,FALSE,NA,50.1666666666667,39.0795791959155,NA,"LULA II","Brazil"
"335",2007-03-15,"2007-03","LULA",50.4,FALSE,0,FALSE,48,48,38.5144621406015,"Datafolha","LULA II","Brazil"
"336",2007-04-15,"2007-04","LULA",51.5,FALSE,0,FALSE,49.25,49.25,38.1483429690389,"_Multiple","LULA II","Brazil"
"337",2007-05-15,"2007-05","LULA",52.4,FALSE,0,FALSE,NA,48.375,36.9496853605552,NA,"LULA II","Brazil"
"338",2007-06-15,"2007-06","LULA",53.5,FALSE,0,FALSE,47.5,47.5,37.4509695320292,"Sensus","LULA II","Brazil"
"339",2007-07-15,"2007-07","LULA",54.4,FALSE,0,FALSE,50,50,37.7675399984068,"IBOPE","LULA II","Brazil"
"340",2007-08-15,"2007-08","LULA",55.5,FALSE,0,FALSE,48,48,38.0326944427913,"Datafolha","LULA II","Brazil"
"341",2007-09-15,"2007-09","LULA",56.5,FALSE,0,FALSE,48,48,36.8793513747133,"IBOPE","LULA II","Brazil"
"342",2007-10-15,"2007-10","LULA",57.5,FALSE,0,FALSE,46.5,46.5,36.8022951924825,"Sensus","LULA II","Brazil"
"343",2007-11-15,"2007-11","LULA",58.5,FALSE,0,FALSE,NA,48.75,38.8197631826079,NA,"LULA II","Brazil"
"344",2007-12-15,"2007-12","LULA",59.5,FALSE,0,FALSE,51,51,38.4779091408143,"IBOPE","LULA II","Brazil"
"345",2008-01-15,"2008-01","LULA",60.5,FALSE,0,FALSE,NA,51.85,38.2344598155097,NA,"LULA II","Brazil"
"346",2008-02-15,"2008-02","LULA",61.5,FALSE,0,FALSE,52.7,52.7,40.5071543536358,"Sensus","LULA II","Brazil"
"347",2008-03-15,"2008-03","LULA",62.5,FALSE,0,FALSE,56.5,56.5,42.2710807542898,"_Multiple","LULA II","Brazil"
"348",2008-04-15,"2008-04","LULA",63.5,FALSE,0,FALSE,57.5,57.5,44.1503259412804,"Sensus","LULA II","Brazil"
"349",2008-05-15,"2008-05","LULA",64.5,FALSE,0,FALSE,NA,57.75,45.2589326239734,NA,"LULA II","Brazil"
"350",2008-06-15,"2008-06","LULA",65.5,FALSE,0,FALSE,58,58,43.533830069499,"IBOPE","LULA II","Brazil"
"351",2008-07-15,"2008-07","LULA",66.5,FALSE,0,FALSE,NA,61.0888888888889,44.8185945591579,NA,"LULA II","Brazil"
"352",2008-08-15,"2008-08","LULA",67.5,FALSE,0,FALSE,NA,64.1777777777778,44.9778636970459,NA,"LULA II","Brazil"
"353",2008-09-15,"2008-09","LULA",68.5,FALSE,0,FALSE,67.2666666666667,67.2666666666667,48.3880842540996,"_Multiple","LULA II","Brazil"
"354",2008-10-15,"2008-10","LULA",69.5,FALSE,0,FALSE,NA,68.6333333333333,49.757125366403,NA,"LULA II","Brazil"
"355",2008-11-15,"2008-11","LULA",70.5,FALSE,0,FALSE,70,70,51.5263404226995,"Datafolha","LULA II","Brazil"
"356",2008-12-15,"2008-12","LULA",71.5,FALSE,0,FALSE,72.05,72.05,53.1861064504743,"_Multiple","LULA II","Brazil"
"357",2009-01-15,"2009-01","LULA",72.5,FALSE,0,FALSE,72.5,72.5,54.789837061363,"Sensus","LULA II","Brazil"
"358",2009-02-15,"2009-02","LULA",73.5,FALSE,0,FALSE,NA,68.15,52.6762227711668,NA,"LULA II","Brazil"
"359",2009-03-15,"2009-03","LULA",74.5,FALSE,0,FALSE,63.8,63.8,49.264583741767,"_Multiple","LULA II","Brazil"
"360",2009-04-15,"2009-04","LULA",75.5,FALSE,0,FALSE,NA,66.35,49.2081659029462,NA,"LULA II","Brazil"
"361",2009-05-15,"2009-05","LULA",76.5,FALSE,0,FALSE,68.9,68.9,51.0879821657589,"_Multiple","LULA II","Brazil"
"362",2009-06-15,"2009-06","LULA",77.5,FALSE,0,FALSE,68,68,49.9826664211732,"IBOPE","LULA II","Brazil"
"363",2009-07-15,"2009-07","LULA",78.5,FALSE,0,FALSE,NA,67.5,48.2648083979025,NA,"LULA II","Brazil"
"364",2009-08-15,"2009-08","LULA",79.5,FALSE,0,FALSE,67,67,49.6925359428993,"Datafolha","LULA II","Brazil"
"365",2009-09-15,"2009-09","LULA",80.5,FALSE,0,FALSE,67.7,67.7,50.6555753194617,"_Multiple","LULA II","Brazil"
"366",2009-10-15,"2009-10","LULA",81.5,FALSE,0,FALSE,NA,69.35,51.6122995366728,NA,"LULA II","Brazil"
"367",2009-11-15,"2009-11","LULA",82.5,FALSE,0,FALSE,71,71,52.5519755907382,"_Multiple","LULA II","Brazil"
"368",2009-12-15,"2009-12","LULA",83.5,FALSE,0,FALSE,72,72,53.054485811136,"Datafolha","LULA II","Brazil"
"369",2010-01-15,"2010-01","LULA",84.5,FALSE,0,FALSE,71.5,71.5,54.0693337249078,"Sensus","LULA II","Brazil"
"370",2010-02-15,"2010-02","LULA",85.5,FALSE,0,FALSE,73,73,54.0286229720421,"Datafolha","LULA II","Brazil"
"371",2010-03-15,"2010-03","LULA",86.5,FALSE,0,FALSE,75.5,75.5,54.8923708157482,"_Multiple","LULA II","Brazil"
"372",2010-04-15,"2010-04","LULA",87.5,FALSE,0,FALSE,73.9333333333333,73.9333333333333,54.5930899450869,"_Multiple","LULA II","Brazil"
"373",2010-05-15,"2010-05","LULA",88.5,FALSE,0,FALSE,76.05,76.05,55.7727238084124,"_Multiple","LULA II","Brazil"
"374",2010-06-15,"2010-06","LULA",89.5,FALSE,0,FALSE,75.6666666666667,75.6666666666667,54.9922591207281,"IBOPE","LULA II","Brazil"
"375",2010-07-15,"2010-07","LULA",90.5,FALSE,0,FALSE,77,77,55.6572429946499,"_Multiple","LULA II","Brazil"
"376",2010-08-15,"2010-08","LULA",91.5,FALSE,0,FALSE,77.9,77.9,56.8787127634631,"_Multiple","LULA II","Brazil"
"377",2010-09-15,"2010-09","LULA",92.5,FALSE,0,TRUE,78.35,78.35,57.1626053322038,"_Multiple","LULA II","Brazil"
"378",2010-10-15,"2010-10","LULA",93.5,FALSE,0,TRUE,81,81,58.5158029902835,"Datafolha","LULA II","Brazil"
"379",2010-11-15,"2010-11","LULA",94.5,FALSE,0,TRUE,83,83,59.857496086901,"Datafolha","LULA II","Brazil"
"380",2010-12-15,"2010-12","DILMA",-0.6,TRUE,6.6,FALSE,69.2,69.2,54.7186697421323,"Sensus","DILMA","Brazil"
"381",2011-01-15,"2011-01","DILMA",0.5,TRUE,5.5,FALSE,NA,63.3,48.2110770385586,NA,"DILMA","Brazil"
"382",2011-02-15,"2011-02","DILMA",1.5,TRUE,4.5,FALSE,NA,57.4,47.053457457566,NA,"DILMA","Brazil"
"383",2011-03-15,"2011-03","DILMA",2.4,TRUE,3.6,FALSE,51.5,51.5,41.4452238133865,"_Multiple","DILMA","Brazil"
"384",2011-04-15,"2011-04","DILMA",3.4,TRUE,2.6,FALSE,NA,50.6666666666667,38.9585099962447,NA,"DILMA","Brazil"
"385",2011-05-15,"2011-05","DILMA",4.4,FALSE,1.6,FALSE,NA,49.8333333333333,38.3885304238663,NA,"DILMA","Brazil"
"386",2011-06-15,"2011-06","DILMA",5.4,FALSE,0.6,FALSE,49,49,38.660208050517,"Datafolha","DILMA","Brazil"
"387",2011-07-15,"2011-07","DILMA",6.4,FALSE,0,FALSE,48,48,37.3169514556729,"IBOPE","DILMA","Brazil"
"388",2011-08-15,"2011-08","DILMA",7.4,FALSE,0,FALSE,48.8,48.8,38.2277601203941,"_Multiple","DILMA","Brazil"
"389",2011-09-15,"2011-09","DILMA",8.4,FALSE,0,FALSE,51,51,38.6953236691399,"IBOPE","DILMA","Brazil"
"390",2011-10-15,"2011-10","DILMA",9.4,FALSE,0,FALSE,NA,52.6666666666667,40.0536680650479,NA,"DILMA","Brazil"
"391",2011-11-15,"2011-11","DILMA",10.5,FALSE,0,FALSE,NA,54.3333333333333,40.2541687660301,NA,"DILMA","Brazil"
"392",2011-12-15,"2011-12","DILMA",11.4,FALSE,0,FALSE,56,56,41.4502339887953,"IBOPE","DILMA","Brazil"
"393",2012-01-15,"2012-01","DILMA",12.5,FALSE,0,FALSE,59,59,44.0418591944324,"Datafolha","DILMA","Brazil"
"394",2012-02-15,"2012-02","DILMA",13.5,FALSE,0,FALSE,NA,57.5,45.1139361631544,NA,"DILMA","Brazil"
"395",2012-03-15,"2012-03","DILMA",14.4,FALSE,0,FALSE,56,56,42.7733902456762,"IBOPE","DILMA","Brazil"
"396",2012-04-15,"2012-04","DILMA",15.5,FALSE,0,FALSE,64,64,46.8636993677589,"Datafolha","DILMA","Brazil"
"397",2012-05-15,"2012-05","DILMA",16.4,FALSE,0,FALSE,NA,61.5,47.7368383874788,NA,"DILMA","Brazil"
"398",2012-06-15,"2012-06","DILMA",17.5,FALSE,0,FALSE,59,59,44.9011108937001,"IBOPE","DILMA","Brazil"
"399",2012-07-15,"2012-07","DILMA",18.4,FALSE,0,FALSE,56.6,56.6,44.6259930411703,"_Multiple","DILMA","Brazil"
"400",2012-08-15,"2012-08","DILMA",19.5,FALSE,0,FALSE,62,62,46.357207330478,"Datafolha","DILMA","Brazil"
"401",2012-09-15,"2012-09","DILMA",20.5,FALSE,0,FALSE,62,62,46.1029833411508,"IBOPE","DILMA","Brazil"
"402",2012-10-15,"2012-10","DILMA",21.5,FALSE,0,FALSE,NA,62,45.1828383987481,NA,"DILMA","Brazil"
"403",2012-11-15,"2012-11","DILMA",22.5,FALSE,0,FALSE,NA,62,44.9870085183277,NA,"DILMA","Brazil"
"404",2012-12-15,"2012-12","DILMA",23.5,FALSE,0,FALSE,62,62,45.9681465714955,"_Multiple","DILMA","Brazil"
"405",2013-01-15,"2013-01","DILMA",24.5,FALSE,0,FALSE,NA,62.3333333333333,47.24943576275,NA,"DILMA","Brazil"
"406",2013-02-15,"2013-02","DILMA",25.5,FALSE,0,FALSE,NA,62.6666666666667,47.4905253025427,NA,"DILMA","Brazil"
"407",2013-03-15,"2013-03","DILMA",26.4,FALSE,0,FALSE,63,63,46.7565455130281,"IBOPE","DILMA","Brazil"
"408",2013-04-15,"2013-04","DILMA",27.5,FALSE,0,FALSE,NA,58.35,40.7443363229959,NA,"DILMA","Brazil"
"409",2013-05-15,"2013-05","DILMA",28.4,FALSE,0,FALSE,NA,53.7,39.7264383785112,NA,"DILMA","Brazil"
"410",2013-06-15,"2013-06","DILMA",29.5,FALSE,0,FALSE,49.05,49.05,35.496811672443,"_Multiple","DILMA","Brazil"
"411",2013-07-15,"2013-07","DILMA",30.4,FALSE,0,FALSE,31.15,31.15,27.9222855043792,"_Multiple","DILMA","Brazil"
"412",2013-08-15,"2013-08","DILMA",31.5,FALSE,0,FALSE,36,36,29.7588612714628,"Datafolha","DILMA","Brazil"
"413",2013-09-15,"2013-09","DILMA",32.5,FALSE,0,FALSE,37.55,37.55,29.8403620691555,"_Multiple","DILMA","Brazil"
"414",2013-10-15,"2013-10","DILMA",33.5,FALSE,0,FALSE,38,38,31.1320764508908,"Datafolha","DILMA","Brazil"
"415",2013-11-15,"2013-11","DILMA",34.5,FALSE,0,FALSE,40,40,33.1187595363414,"_Multiple","DILMA","Brazil"
"416",2013-12-15,"2013-12","DILMA",35.5,FALSE,0,FALSE,43,43,33.6577161490242,"IBOPE","DILMA","Brazil"
"417",2014-01-15,"2014-01","DILMA",36.5,FALSE,0,FALSE,NA,40.85,31.934109468009,NA,"DILMA","Brazil"
"418",2014-02-15,"2014-02","DILMA",37.5,FALSE,0,FALSE,38.7,38.7,32.9760448559008,"_Multiple","DILMA","Brazil"
"419",2014-03-15,"2014-03","DILMA",38.4,FALSE,0,FALSE,36,36,30.0639755512859,"IBOPE","DILMA","Brazil"
"420",2014-04-15,"2014-04","DILMA",39.5,FALSE,0,FALSE,34.3,34.3,29.2070774251034,"_Multiple","DILMA","Brazil"
"421",2014-05-15,"2014-05","DILMA",40.4,FALSE,0,FALSE,35,35,29.068057783121,"_Multiple","DILMA","Brazil"
"422",2014-06-15,"2014-06","DILMA",41.5,FALSE,0,FALSE,31.6666666666667,31.6666666666667,27.6205744567136,"_Multiple","DILMA","Brazil"
"423",2014-07-15,"2014-07","DILMA",42.4,FALSE,0,FALSE,32.6666666666667,32.6666666666667,27.4509509788558,"_Multiple","DILMA","Brazil"
"424",2014-08-15,"2014-08","DILMA",43.5,FALSE,0,FALSE,34.42,34.42,28.4618713728854,"_Multiple","DILMA","Brazil"
"425",2014-09-15,"2014-09","DILMA",44.5,FALSE,0,FALSE,37.6076923076923,37.6076923076923,30.949376451169,"_Multiple","DILMA","Brazil"
"426",2014-10-15,"2014-10","DILMA",45.5,FALSE,0,FALSE,40.75,40.75,33.2701579262217,"_Multiple","DILMA","Brazil"
"427",2014-11-15,"2014-11","DILMA",46.5,FALSE,0,FALSE,NA,40.875,33.4166134693833,NA,"DILMA","Brazil"
"428",2014-12-15,"2014-12","DILMA",47.5,FALSE,0,FALSE,41,41,33.0775618151454,"_Multiple","DILMA","Brazil"
"429",2015-01-15,"2015-01","DILMA",48.5,FALSE,0,FALSE,29,29,44.673445473187,"IPSOS","DILMA II","Brazil"
"430",2015-02-15,"2015-02","DILMA",49.5,FALSE,0,FALSE,20.5,20.5,30.8625562341111,"_Multiple","DILMA II","Brazil"
"431",2015-03-15,"2015-03","DILMA",50.4,FALSE,0,FALSE,12.45,12.45,20.5176380300608,"_Multiple","DILMA II","Brazil"
"432",2015-04-15,"2015-04","DILMA",51.5,FALSE,0,FALSE,11.5,11.5,18.5878322897256,"_Multiple","DILMA II","Brazil"
"433",2015-05-15,"2015-05","DILMA",52.4,FALSE,0,FALSE,9,9,15.1733676970658,"IPSOS","DILMA II","Brazil"
"434",2015-06-15,"2015-06","DILMA",53.5,FALSE,0,FALSE,8.5,8.5,14.6686944536933,"_Multiple","DILMA II","Brazil"
"435",2015-07-15,"2015-07","DILMA",54.4,FALSE,0,FALSE,6.85,6.85,11.937844488813,"_Multiple","DILMA II","Brazil"
"436",2015-08-15,"2015-08","DILMA",55.5,FALSE,0,FALSE,6.5,6.5,12.400788288563,"_Multiple","DILMA II","Brazil"
"437",2015-09-15,"2015-09","DILMA",56.5,FALSE,0,FALSE,7,7,11.2654919164467,"_Multiple","DILMA II","Brazil"
"438",2015-10-15,"2015-10","DILMA",57.5,FALSE,0,FALSE,6.4,6.4,9.84237424546247,"_Multiple","DILMA II","Brazil"
"439",2015-11-15,"2015-11","DILMA",58.5,FALSE,0,FALSE,7,7,12.0929486029469,"_Multiple","DILMA II","Brazil"
"440",2015-12-15,"2015-12","DILMA",59.5,FALSE,0,FALSE,8.66666666666667,8.66666666666667,12.9122445110337,"_Multiple","DILMA II","Brazil"
"441",2016-01-15,"2016-01","DILMA",60.5,FALSE,0,FALSE,5,5,10.5546113127235,"IPSOS","DILMA II","Brazil"
"442",2016-02-15,"2016-02","DILMA",61.5,FALSE,0,FALSE,9.13333333333333,9.13333333333333,13.1535821939809,"_Multiple","DILMA II","Brazil"
"443",2016-03-15,"2016-03","DILMA",62.5,FALSE,0,FALSE,8.33333333333333,8.33333333333333,12.8578873891393,"_Multiple","DILMA II","Brazil"
"444",2016-04-15,"2016-04","DILMA",63.5,FALSE,0,FALSE,9.5,9.5,14.8308609081385,"_Multiple","DILMA II","Brazil"
"445",2016-05-15,"2016-05","DILMA",64.5,FALSE,0,FALSE,9,9,17.7859536815022,"IPSOS","DILMA II","Brazil"
"446",2016-06-15,"2016-06","TEMER",-2.5,TRUE,8.5,FALSE,9.43333333333333,9.43333333333333,13.6590243323287,"_Multiple","TEMER","Brazil"
"447",2016-07-15,"2016-07","TEMER",-1.5,TRUE,7.5,FALSE,10.5,10.5,15.7482142574942,"_Multiple","TEMER","Brazil"
"448",2016-08-15,"2016-08","TEMER",-0.5,TRUE,6.5,FALSE,8,8,16.5215740629134,"IPSOS","TEMER","Brazil"
"449",2016-09-15,"2016-09","TEMER",0.5,TRUE,5.5,FALSE,8,8,16.5907006398956,"IPSOS","TEMER","Brazil"
"450",2016-10-15,"2016-10","TEMER",1.5,TRUE,4.5,FALSE,11.5333333333333,11.5333333333333,15.8589326770071,"_Multiple","TEMER","Brazil"
"451",2016-11-15,"2016-11","TEMER",2.5,TRUE,3.5,FALSE,7,7,14.8174580293985,"IPSOS","TEMER","Brazil"
"452",2016-12-15,"2016-12","TEMER",3.5,TRUE,2.5,FALSE,8.66666666666667,8.66666666666667,14.404099915452,"_Multiple","TEMER","Brazil"
"453",2017-01-15,"2017-01","TEMER",4.5,FALSE,1.5,FALSE,6,6,13.0834863675265,"IPSOS","TEMER","Brazil"
"454",2017-02-15,"2017-02","TEMER",5.5,FALSE,0.5,FALSE,8.65,8.65,13.7493694885096,"_Multiple","TEMER","Brazil"
"455",2017-03-15,"2017-03","TEMER",6.4,FALSE,0,FALSE,8,8,12.8566390217039,"_Multiple","TEMER","Brazil"
"456",2017-04-15,"2017-04","TEMER",7.5,FALSE,0,FALSE,5.75,5.75,10.7535985291005,"_Multiple","TEMER","Brazil"
"457",2017-05-15,"2017-05","TEMER",8.4,FALSE,0,FALSE,6.5,6.5,7.77455521794413,"_Multiple","TEMER","Brazil"
"458",2017-06-15,"2017-06","TEMER",9.5,FALSE,0,FALSE,3.5,3.5,8.06086965616394,"_Multiple","TEMER","Brazil"
"459",2017-07-15,"2017-07","TEMER",10.5,FALSE,0,FALSE,4.66666666666667,4.66666666666667,7.53242230447955,"_Multiple","TEMER","Brazil"
"460",2017-08-15,"2017-08","TEMER",11.5,FALSE,0,FALSE,3,3,3.99752324137733,"_Multiple","TEMER","Brazil"
"461",2017-09-15,"2017-09","TEMER",12.5,FALSE,0,FALSE,3.28,3.28,7.02559840585202,"_Multiple","TEMER","Brazil"
"462",2017-10-15,"2017-10","TEMER",13.5,FALSE,0,FALSE,3.5,3.5,4.93190929288368,"_Multiple","TEMER","Brazil"
"463",2017-11-15,"2017-11","TEMER",14.5,FALSE,0,FALSE,3.66666666666667,3.66666666666667,7.46143350983994,"_Multiple","TEMER","Brazil"
"464",2017-12-15,"2017-12","TEMER",15.5,FALSE,0,FALSE,5,5,7.71119535030816,"_Multiple","TEMER","Brazil"
"465",2018-01-15,"2018-01","TEMER",16.5,FALSE,0,FALSE,4,4,9.37102837563403,"_Multiple","TEMER","Brazil"
"466",2018-02-15,"2018-02","TEMER",17.5,FALSE,0,FALSE,2,2,6.17966738281682,"IPSOS","TEMER","Brazil"
"467",2018-03-15,"2018-03","TEMER",18.4,FALSE,0,FALSE,3.43333333333333,3.43333333333333,7.48890511734787,"_Multiple","TEMER","Brazil"
"468",2018-04-15,"2018-04","TEMER",19.5,FALSE,0,FALSE,3.66666666666667,3.66666666666667,8.33978416199929,"_Multiple","TEMER","Brazil"
"469",2018-05-15,"2018-05","TEMER",20.4,FALSE,0,FALSE,3.43333333333333,3.43333333333333,3.9908086919584,"_Multiple","TEMER","Brazil"
"470",2018-06-15,"2018-06","TEMER",21.5,FALSE,0,FALSE,3.25,3.25,5.57191378488014,"_Multiple","TEMER","Brazil"
"471",2018-07-15,"2018-07","TEMER",22.5,FALSE,0,FALSE,3.5,3.5,3.24576661013588,"_Multiple","TEMER","Brazil"
"472",2018-08-15,"2018-08","TEMER",23.5,FALSE,0,FALSE,3.175,3.175,5.68580847245212,"_Multiple","TEMER","Brazil"
"473",2018-09-15,"2018-09","TEMER",24.5,FALSE,0,TRUE,2.5,2.5,7.86637363479135,"_Multiple","TEMER","Brazil"
"474",2018-10-15,"2018-10","TEMER",25.5,FALSE,0,TRUE,NA,5.25,5.19134399704265,NA,"TEMER","Brazil"
"475",2018-11-15,"2018-11","TEMER",26.5,FALSE,0,TRUE,8,8,6.43694480917973,"IPESPE","TEMER","Brazil"
"476",2018-12-15,"2018-12","BOLSONARO",-0.6,TRUE,6.6,FALSE,65,65,39.2859236474788,"_Multiple","BOLSONARO","Brazil"
"477",2019-01-15,"2019-01","BOLSONARO",0.5,TRUE,5.5,FALSE,46.3333333333333,46.3333333333333,42.0008906557911,"_Multiple","BOLSONARO","Brazil"
"478",2019-02-15,"2019-02","BOLSONARO",1.5,TRUE,4.5,FALSE,41.9833333333333,41.9833333333333,37.7343693853027,"_Multiple","BOLSONARO","Brazil"
"479",2019-03-15,"2019-03","BOLSONARO",2.4,TRUE,3.6,FALSE,34,34,29.7123578925013,"_Multiple","BOLSONARO","Brazil"
"480",2019-04-15,"2019-04","BOLSONARO",3.4,TRUE,2.6,FALSE,31.2,31.2,27.1708675687681,"_Multiple","BOLSONARO","Brazil"
"481",2019-05-15,"2019-05","BOLSONARO",4.4,FALSE,1.6,FALSE,32.75,32.75,29.9425190901158,"_Multiple","BOLSONARO","Brazil"
"482",2019-06-15,"2019-06","BOLSONARO",5.4,FALSE,0.6,FALSE,35.525,35.525,28.9785851039932,"_Multiple","BOLSONARO","Brazil"
"483",2019-07-15,"2019-07","BOLSONARO",6.4,FALSE,0,FALSE,34,34,29.9661784081982,"_Multiple","BOLSONARO","Brazil"
"484",2019-08-15,"2019-08","BOLSONARO",7.4,FALSE,0,FALSE,31.9666666666667,31.9666666666667,26.8085617577874,"_Multiple","BOLSONARO","Brazil"
"485",2019-09-15,"2019-09","BOLSONARO",8.4,FALSE,0,FALSE,32.7,32.7,27.4501989981563,"_Multiple","BOLSONARO","Brazil"
"486",2019-10-15,"2019-10","BOLSONARO",9.4,FALSE,0,FALSE,32.8,32.8,29.5333889308314,"_Multiple","BOLSONARO","Brazil"
"487",2019-11-15,"2019-11","BOLSONARO",10.5,FALSE,0,FALSE,33.7666666666667,33.7666666666667,33.0193144701146,"_Multiple","BOLSONARO","Brazil"
"488",2019-12-15,"2019-12","BOLSONARO",11.4,FALSE,0,FALSE,33.57,33.57,30.4195383825187,"_Multiple","BOLSONARO","Brazil"
"489",2020-01-15,"2020-01","BOLSONARO",12.5,FALSE,0,FALSE,35.2571428571429,35.2571428571429,31.5846398997377,"_Multiple","BOLSONARO","Brazil"
"490",2020-02-15,"2020-02","BOLSONARO",13.5,FALSE,0,FALSE,35.4,35.4,32.2986311901879,"_Multiple","BOLSONARO","Brazil"
"491",2020-03-15,"2020-03","BOLSONARO",14.4,FALSE,0,FALSE,32.1428571428571,32.1428571428571,28.6554241378318,"_Multiple","BOLSONARO","Brazil"
"492",2020-04-15,"2020-04","BOLSONARO",15.5,FALSE,0,FALSE,30.0625,30.0625,25.6750502040348,"_Multiple","BOLSONARO","Brazil"
"493",2020-05-15,"2020-05","BOLSONARO",16.4,FALSE,0,FALSE,28.25,28.25,25.1184225237303,"_Multiple","BOLSONARO","Brazil"
"494",2020-06-15,"2020-06","BOLSONARO",17.5,FALSE,0,FALSE,27.7888888888889,27.7888888888889,24.8974040622086,"_Multiple","BOLSONARO","Brazil"
"495",2020-07-15,"2020-07","BOLSONARO",18.4,FALSE,0,FALSE,29.95,29.95,23.8116906643328,"_Multiple","BOLSONARO","Brazil"
"496",2020-08-15,"2020-08","BOLSONARO",19.5,FALSE,0,FALSE,36.75,36.75,31.2376112159704,"_Multiple","BOLSONARO","Brazil"
"497",2020-09-15,"2020-09","BOLSONARO",20.5,FALSE,0,FALSE,36.625,36.625,31.1748682983002,"_Multiple","BOLSONARO","Brazil"
"498",2020-10-15,"2020-10","BOLSONARO",21.5,FALSE,0,FALSE,38.1,38.1,33.5289019389672,"_Multiple","BOLSONARO","Brazil"
"499",2020-11-15,"2020-11","BOLSONARO",22.5,FALSE,0,FALSE,35.5571428571429,35.5571428571429,34.6857815447407,"_Multiple","BOLSONARO","Brazil"
"500",2020-12-15,"2020-12","BOLSONARO",23.5,FALSE,0,FALSE,36.775,36.775,32.327989921304,"_Multiple","BOLSONARO","Brazil"
"501",2021-01-15,"2021-01","BOLSONARO",24.5,FALSE,0,FALSE,32.4125,32.4125,27.583038066074,"_Multiple","BOLSONARO","Brazil"
"502",2021-02-15,"2021-02","BOLSONARO",25.5,FALSE,0,FALSE,30.8625,30.8625,25.0633320885804,"_Multiple","BOLSONARO","Brazil"
"503",2021-03-15,"2021-03","BOLSONARO",26.4,FALSE,0,FALSE,28.2777777777778,28.2777777777778,23.829143482135,"_Multiple","BOLSONARO","Brazil"
"504",2021-04-15,"2021-04","BOLSONARO",27.5,FALSE,0,FALSE,24.75,24.75,18.460971322824,"_Multiple","BOLSONARO","Brazil"
"505",2021-05-15,"2021-05","BOLSONARO",28.4,FALSE,0,FALSE,27.875,27.875,21.6049522607387,"_Multiple","BOLSONARO","Brazil"
"506",2021-06-15,"2021-06","BOLSONARO",29.5,FALSE,0,FALSE,27.3333333333333,27.3333333333333,21.5552309275716,"_Multiple","BOLSONARO","Brazil"
