"","year","Country","President","Positive","Negative","DK-Neutral","Neutral","DK","QuestType","SampleType","SampleSize","SampleMode","Question","Institute","SurveyName","Source","Notes","PresidentS","date","Q","M"
"1",2019,"Brazil","Bolsonaro",50,22,NA,28,0,"Approval (Otimo, Bom, Regular, Ruim, P_ssimo)","National",NA,"Online",NA,"IdeiaBigData",NA,"Toledo/Piau�",NA,"BOLSONARO",2019-01-10,"2019-1","2019-01"
"2",2019,"Brazil","Bolsonaro",40,20,NA,29,11,"Ot-Bom",NA,1000,NA,"Como o(a) sr(a) avalia o governo de Jair Bolsonaro at_ o momento?","IPESPE","XP-IPESPE","https://conteudos.xpi.com.br/politica/pesquisas-xp-2/",NA,"BOLSONARO",2019-01-11,"2019-1","2019-01"
"3",2019,"Brazil","Bolsonaro",49,11,NA,26,14,"Ot-Bom",NA,2000,NA,"Na sua avaliaŤÜo, o governo do presidente Jair Bolsonaro estŕ sendo:","IBOPE","CNI/IBOPE","https://noticias.uol.com.br/politica/ultimas-noticias/2019/12/20/ibope-divulga-aprovacao-do-governo-bolsonaro.htm",NA,"BOLSONARO",2019-01-15,"2019-1","2019-01"
"4",2019,"Brazil","Bolsonaro",51,21,NA,28,0,"Approval (Otimo, Bom, Regular, Ruim, P_ssimo)","National",NA,"Online",NA,"IdeiaBigData",NA,"Toledo/Piau�",NA,"BOLSONARO",2019-02-01,"2019-1","2019-02"
"5",2019,"Brazil","Bolsonaro",40,17,NA,32,11,"Ot-Bom",NA,1000,NA,"Como o(a) sr(a) avalia o governo de Jair Bolsonaro at_ o momento?","IPESPE","XP-IPESPE","https://conteudos.xpi.com.br/politica/pesquisas-xp-2/",NA,"BOLSONARO",2019-02-13,"2019-1","2019-02"
"6",2019,"Brazil","Bolsonaro",39,23,NA,30,9,"Ot-Bom",NA,NA,NA,"Como voc� avalia o governo do Presidente Jair Bolsonaro?","Atlas","Atlas","file: 2020-05-Atlas.pdf",NA,"BOLSONARO",2019-02-15,"2019-1","2019-02"
"7",2019,"Brazil","Bolsonaro",39,19,NA,30,12,"Ot-Bom",NA,2000,NA,"Na sua avaliaŤÜo, o governo do presidente Jair Bolsonaro estŕ sendo:","IBOPE","CNI/IBOPE","https://noticias.uol.com.br/politica/ultimas-noticias/2019/12/20/ibope-divulga-aprovacao-do-governo-bolsonaro.htm",NA,"BOLSONARO",2019-02-15,"2019-1","2019-02"
"8",2019,"Brazil","Bolsonaro",44,26,NA,30,0,"Approval (Otimo, Bom, Regular, Ruim, P_ssimo)","National",NA,"Online",NA,"IdeiaBigData",NA,"Toledo/Piau�",NA,"BOLSONARO",2019-02-18,"2019-1","2019-02"
"9",2019,"Brazil","Bolsonaro",38.9,19,NA,29,13.1,"Ot-Bom",NA,2002,NA,"O (a) Sr. (a) avalia o governo do presidente Jair Bolsonaro como: Ótimo, Bom, Regular, Ruim, ou P_ssimo?","MDA","CNT/MDA","https://www.cnt.org.br/pesquisas",NA,"BOLSONARO",2019-02-23,"2019-1","2019-02"
"10",2019,"Brazil","Bolsonaro",37,24,NA,32,8,"Ot-Bom",NA,1000,NA,"Como o(a) sr(a) avalia o governo de Jair Bolsonaro at_ o momento?","IPESPE","XP-IPESPE","https://conteudos.xpi.com.br/politica/pesquisas-xp-2/",NA,"BOLSONARO",2019-03-13,"2019-1","2019-03"
"11",2019,"Brazil","Bolsonaro",31,30,NA,39,0,"Approval (Otimo, Bom, Regular, Ruim, P_ssimo)","National",NA,"Online",NA,"IdeiaBigData",NA,"Toledo/Piau�",NA,"BOLSONARO",2019-03-18,"2019-1","2019-03"
"12",2019,"Brazil","Bolsonaro",34,24,NA,34,8,"Ot-Bom",NA,2002,NA,"Na sua avaliaŤÜo, o governo do presidente Jair Bolsonaro estŕ sendo:","IBOPE","CNI/IBOPE","https://noticias.uol.com.br/politica/ultimas-noticias/2019/03/20/bolsonaro-e-presidente-estreante-pior-avaliado-em-24-anos-diz-ibope.htm",NA,"BOLSONARO",2019-03-19,"2019-1","2019-03"
"13",2019,"Brazil","Bolsonaro",32,30,NA,33,4,"Ot-Bom",NA,2086,NA,"Na sua opinićo o presidente Jair Bolsonaro est_ fazendo um governo Ütimo, bom, regular, ruim ou p_ssimo?","Datafolha","Datafolha","http://datafolha.folha.uol.com.br/opiniaopublica/2019/04/1987680-governo-bolsonaro-e-aprovado-por-32.shtml",NA,"BOLSONARO",2019-04-03,"2019-2","2019-04"
"14",2019,"Brazil","Bolsonaro",35,26,NA,32,7,"Ot-Bom",NA,1000,NA,"Como o(a) sr(a) avalia o governo de Jair Bolsonaro at_ o momento?","IPESPE","XP-IPESPE","https://conteudos.xpi.com.br/politica/pesquisas-xp-2/",NA,"BOLSONARO",2019-04-03,"2019-2","2019-04"
"15",2019,"Brazil","Bolsonaro",26,30,NA,39,5,"Ot-Bom",NA,1985,NA,NA,"Vox","CUT/Vox Populi","https://www.cut.org.br/noticias/popularidade-de-bolsonaro-despenca-em-3-meses-mostra-pesquisa-cut-vox-populi-6a43",NA,"BOLSONARO",2019-04-03,"2019-2","2019-04"
"16",2019,"Brazil","Bolsonaro",28,31,NA,41,0,"Approval (Otimo, Bom, Regular, Ruim, P_ssimo)","National",NA,"Online",NA,"IdeiaBigData",NA,"Toledo/Piau�",NA,"BOLSONARO",2019-04-09,"2019-2","2019-04"
"17",2019,"Brazil","Bolsonaro",35,27,NA,31,7,"Ot-Bom",NA,2000,NA,"Na sua avaliaŤÜo, o governo do presidente Jair Bolsonaro estŕ sendo:","IBOPE","CNI/IBOPE","https://noticias.uol.com.br/politica/ultimas-noticias/2019/04/24/pesquisa-ibope-governo-bolsonaro-abril.htm",NA,"BOLSONARO",2019-04-15,"2019-2","2019-04"
"18",2019,"Brazil","Bolsonaro",33,32,NA,35,0,"Approval (Otimo, Bom, Regular, Ruim, P_ssimo)","National",NA,"Online",NA,"IdeiaBigData",NA,"Toledo/Piau�",NA,"BOLSONARO",2019-05-06,"2019-2","2019-05"
"19",2019,"Brazil","Bolsonaro",35,31,NA,31,3,"Ot-Bom",NA,1000,NA,"Como o(a) sr(a) avalia o governo de Jair Bolsonaro at_ o momento?","IPESPE","XP-IPESPE","https://conteudos.xpi.com.br/politica/pesquisas-xp-2/",NA,"BOLSONARO",2019-05-08,"2019-2","2019-05"
"20",2019,"Brazil","Bolsonaro",29,26,NA,31,4,"Ot-Bom",NA,NA,NA,"Como voc� avalia o governo do Presidente Jair Bolsonaro?","Atlas","Atlas","file: 2020-05-Atlas.pdf",NA,"BOLSONARO",2019-05-15,"2019-2","2019-05"
"21",2019,"Brazil","Bolsonaro",34,36,NA,26,4,"Ot-Bom",NA,1000,NA,"Como o(a) sr(a) avalia o governo de Jair Bolsonaro at_ o momento?","IPESPE","XP-IPESPE","https://conteudos.xpi.com.br/politica/pesquisas-xp-2/",NA,"BOLSONARO",2019-05-21,"2019-2","2019-05"
"22",2019,"Brazil","Bolsonaro",36,32,NA,32,0,"Approval (Otimo, Bom, Regular, Ruim, P_ssimo)","National",NA,"Online",NA,"IdeiaBigData",NA,"Toledo/Piau�",NA,"BOLSONARO",2019-06-03,"2019-2","2019-06"
"23",2019,"Brazil","Bolsonaro",34,35,NA,28,3,"Ot-Bom",NA,1000,NA,"Como o(a) sr(a) avalia o governo de Jair Bolsonaro at_ o momento?","IPESPE","XP-IPESPE","https://conteudos.xpi.com.br/politica/pesquisas-xp-2/",NA,"BOLSONARO",2019-06-13,"2019-2","2019-06"
"24",2019,"Brazil","Bolsonaro",40.1,35.5,NA,22.4,2.1,"Ot-Bom",NA,NA,NA,"Na sua avaliaŤćo, o governo do presidente Jair Bolsonaro est_ sendo Ütimo, bom, regular, ruim ou p_ssimo?","IBPAD","JOTA/IBPAD","https://www.jota.info/dados/aprovacao-de-bolsonaro-pesquisa-jota-04022020",NA,"BOLSONARO",2019-06-15,"2019-2","2019-06"
"25",2019,"Brazil","Bolsonaro",32,32,NA,32,3,"Ot-Bom",NA,2000,NA,"Na sua avaliaŤÜo, o governo do presidente Jair Bolsonaro estŕ sendo:","IBOPE","CNI/IBOPE","https://noticias.uol.com.br/politica/ultimas-noticias/2019/06/27/ibope-aprovacao-do-governo-bolsonaro-em-junho.htm",NA,"BOLSONARO",2019-06-26,"2019-2","2019-06"
"26",2019,"Brazil","Bolsonaro",34,35,NA,28,4,"Ot-Bom",NA,1000,NA,"Como o(a) sr(a) avalia o governo de Jair Bolsonaro at_ o momento?","IPESPE","XP-IPESPE","https://conteudos.xpi.com.br/politica/pesquisas-xp-2/",NA,"BOLSONARO",2019-07-03,"2019-3","2019-07"
"27",2019,"Brazil","Bolsonaro",33,33,NA,31,2,"Ot-Bom",NA,2086,NA,"Na sua opinićo o presidente Jair Bolsonaro est_ fazendo um governo Ütimo, bom, regular, ruim ou p_ssimo?","Datafolha","Datafolha","http://datafolha.folha.uol.com.br/opiniaopublica/2019/07/1988217-33-aprovam-governo-bolsonaro.shtml",NA,"BOLSONARO",2019-07-05,"2019-3","2019-07"
"28",2019,"Brazil","Bolsonaro",35,31,NA,34,0,"Approval (Otimo, Bom, Regular, Ruim, P_ssimo)","National",NA,"Online",NA,"IdeiaBigData",NA,"Toledo/Piau�",NA,"BOLSONARO",2019-07-05,"2019-3","2019-07"
"29",2019,"Brazil","Bolsonaro",34,31,NA,31,4,"Approval (Otimo, Bom, Regular, Ruim, P_ssimo)","National",NA,"Online",NA,"IdeiaBigData",NA,"Toledo/Piau�",NA,"BOLSONARO",2019-08-02,"2019-3","2019-08"
"30",2019,"Brazil","Bolsonaro",33,38,NA,27,2,"Ot-Bom",NA,1000,NA,"Como o(a) sr(a) avalia o governo de Jair Bolsonaro at_ o momento?","IPESPE","XP-IPESPE","https://conteudos.xpi.com.br/politica/pesquisas-xp-2/",NA,"BOLSONARO",2019-08-07,"2019-3","2019-08"
"31",2019,"Brazil","Bolsonaro",38.4,28.8,NA,29.6,3.2,"Ot-Bom",NA,NA,NA,"Na sua avaliaŤćo, o governo do presidente Jair Bolsonaro est_ sendo Ütimo, bom, regular, ruim ou p_ssimo?","IBPAD","JOTA/IBPAD","https://www.jota.info/dados/aprovacao-de-bolsonaro-pesquisa-jota-04022020",NA,"BOLSONARO",2019-08-15,"2019-3","2019-08"
"32",2019,"Brazil","Bolsonaro",28,40,NA,29,3,"Ot-Bom",NA,NA,NA,"Como voc� avalia o governo do Presidente Jair Bolsonaro?","Atlas","Atlas","file: 2020-05-Atlas.pdf",NA,"BOLSONARO",2019-08-15,"2019-3","2019-08"
"33",2019,"Brazil","Bolsonaro",36.8,34.6,NA,26.3,2.3,"Ot-Bom",NA,NA,NA,"Na sua avaliaŤćo, o governo do presidente Jair Bolsonaro est_ sendo Ütimo, bom, regular, ruim ou p_ssimo?","IBPAD","JOTA/IBPAD","https://www.jota.info/dados/aprovacao-de-bolsonaro-pesquisa-jota-04022020",NA,"BOLSONARO",2019-08-15,"2019-3","2019-08"
"34",2019,"Brazil","Bolsonaro",35,31,NA,30,4,"Approval (Otimo, Bom, Regular, Ruim, P_ssimo)","National",NA,"Online",NA,"IdeiaBigData",NA,"Toledo/Piau�",NA,"BOLSONARO",2019-08-16,"2019-3","2019-08"
"35",2019,"Brazil","Bolsonaro",35,33,NA,29,3,"Approval (Otimo, Bom, Regular, Ruim, P_ssimo)","National",NA,"Online",NA,"IdeiaBigData",NA,"Toledo/Piau�",NA,"BOLSONARO",2019-08-23,"2019-3","2019-08"
"36",2019,"Brazil","Bolsonaro",29.4,39.5,NA,29.1,2,"Ot-Bom",NA,2002,NA,"O (a) Sr. (a) avalia o governo do presidente Jair Bolsonaro como: Ótimo, Bom, Regular, Ruim, ou P_ssimo?","MDA","CNT/MDA","https://www.cnt.org.br/pesquisas",NA,"BOLSONARO",2019-08-25,"2019-3","2019-08"
"37",2019,"Brazil","Bolsonaro",23,40,NA,35,2,"Ot-Bom",NA,1987,NA,NA,"Vox","Vox Populi","https://www.poder360.com.br/pesquisas/vox-populi-rejeicao-de-bolsonaro-vai-a-40-aprovacao-e-de-23/",NA,"BOLSONARO",2019-08-26,"2019-3","2019-08"
"38",2019,"Brazil","Bolsonaro",30,41,NA,27,2,"Ot-Bom",NA,1000,NA,"Como o(a) sr(a) avalia o governo de Jair Bolsonaro at_ o momento?","IPESPE","XP-IPESPE","https://conteudos.xpi.com.br/politica/pesquisas-xp-2/",NA,"BOLSONARO",2019-08-29,"2019-3","2019-08"
"39",2019,"Brazil","Bolsonaro",29,38,NA,30,2,"Ot-Bom",NA,2878,NA,"Na sua opinićo o presidente Jair Bolsonaro est_ fazendo um governo Ütimo, bom, regular, ruim ou p_ssimo?","Datafolha","Datafolha","http://datafolha.folha.uol.com.br/opiniaopublica/2019/09/1988409-maioria-acredita-que-crescimento-economico-nao-vira-no-curto-prazo.shtml",NA,"BOLSONARO",2019-08-30,"2019-3","2019-08"
"40",2019,"Brazil","Bolsonaro",32,38,NA,27,3,"Approval (Otimo, Bom, Regular, Ruim, P_ssimo)","National",NA,"Online",NA,"IdeiaBigData",NA,"Toledo/Piau�",NA,"BOLSONARO",2019-08-30,"2019-3","2019-08"
"41",2019,"Brazil","Bolsonaro",29,36,NA,32,3,"Approval (Otimo, Bom, Regular, Ruim, P_ssimo)","National",NA,"Online",NA,"IdeiaBigData",NA,"Toledo/Piau�",NA,"BOLSONARO",2019-09-04,"2019-3","2019-09"
"42",2019,"Brazil","Bolsonaro",31,36,NA,29,3,"Approval (Otimo, Bom, Regular, Ruim, P_ssimo)","National",NA,"Online",NA,"IdeiaBigData",NA,"Toledo/Piau�",NA,"BOLSONARO",2019-09-12,"2019-3","2019-09"
"43",2019,"Brazil","Bolsonaro",35.2,32,NA,29.1,3.7,"Ot-Bom",NA,NA,NA,"Na sua avaliaŤćo, o governo do presidente Jair Bolsonaro est_ sendo Ütimo, bom, regular, ruim ou p_ssimo?","IBPAD","JOTA/IBPAD","https://www.jota.info/dados/aprovacao-de-bolsonaro-pesquisa-jota-04022020",NA,"BOLSONARO",2019-09-15,"2019-3","2019-09"
"44",2019,"Brazil","Bolsonaro",36,31,NA,30,3,"Approval (Otimo, Bom, Regular, Ruim, P_ssimo)","National",NA,"Online",NA,"IdeiaBigData",NA,"Toledo/Piau�",NA,"BOLSONARO",2019-09-19,"2019-3","2019-09"
"45",2019,"Brazil","Bolsonaro",31,34,NA,31,3,"Ot-Bom",NA,2000,NA,"Na sua avaliaŤÜo, o governo do presidente Jair Bolsonaro estŕ sendo:","IBOPE","CNI/IBOPE","https://www.ibopeinteligencia.com/arquivos/JOB_0445_CNI%20-%20Relat%C3%B3rio%20de%20tabelas%20(Avalia%C3%A7%C3%A3o%20do%20governo).pdf",NA,"BOLSONARO",2019-09-22,"2019-3","2019-09"
"46",2019,"Brazil","Bolsonaro",34,34,NA,29,3,"Approval (Otimo, Bom, Regular, Ruim, P_ssimo)","National",NA,"Online",NA,"IdeiaBigData",NA,"Toledo/Piau�",NA,"BOLSONARO",2019-09-26,"2019-3","2019-09"
"47",2019,"Brazil","Bolsonaro",31,34,NA,31,4,"Approval (Otimo, Bom, Regular, Ruim, P_ssimo)","National",NA,"Online",NA,"IdeiaBigData",NA,"Toledo/Piau�",NA,"BOLSONARO",2019-10-04,"2019-4","2019-10"
"48",2019,"Brazil","Bolsonaro",32,35,NA,29,4,"Approval (Otimo, Bom, Regular, Ruim, P_ssimo)","National",NA,"Online",NA,"IdeiaBigData",NA,"Toledo/Piau�",NA,"BOLSONARO",2019-10-10,"2019-4","2019-10"
"49",2019,"Brazil","Bolsonaro",33,38,NA,27,1,"Ot-Bom",NA,1000,NA,"Como o(a) sr(a) avalia o governo de Jair Bolsonaro at_ o momento?","IPESPE","XP-IPESPE","https://conteudos.xpi.com.br/politica/pesquisas-xp-2/",NA,"BOLSONARO",2019-10-11,"2019-4","2019-10"
"50",2019,"Brazil","Bolsonaro",36,31,NA,30,3,"Approval (Otimo, Bom, Regular, Ruim, P_ssimo)","National",NA,"Online",NA,"IdeiaBigData",NA,"Toledo/Piau�",NA,"BOLSONARO",2019-10-17,"2019-4","2019-10"
"51",2019,"Brazil","Bolsonaro",32,34,NA,31,3,"Approval (Otimo, Bom, Regular, Ruim, P_ssimo)","National",NA,"Online",NA,"IdeiaBigData",NA,"Toledo/Piau�",NA,"BOLSONARO",2019-10-24,"2019-4","2019-10"
"52",2019,"Brazil","Bolsonaro",32,35,NA,30,3,"Approval (Otimo, Bom, Regular, Ruim, P_ssimo)","National",NA,"Online",NA,"IdeiaBigData",NA,"Toledo/Piau�",NA,"BOLSONARO",2019-11-01,"2019-4","2019-11"
"53",2019,"Brazil","Bolsonaro",40,30,NA,26,4,"Approval (Otimo, Bom, Regular, Ruim, P_ssimo)","National",NA,"Online",NA,"IdeiaBigData",NA,"Toledo/Piau�",NA,"BOLSONARO",2019-11-07,"2019-4","2019-11"
"54",2019,"Brazil","Bolsonaro",35,38,NA,25,2,"Ot-Bom",NA,1000,NA,"Como o(a) sr(a) avalia o governo de Jair Bolsonaro at_ o momento?","IPESPE","XP-IPESPE","https://conteudos.xpi.com.br/politica/pesquisas-xp-2/",NA,"BOLSONARO",2019-11-08,"2019-4","2019-11"
"55",2019,"Brazil","Bolsonaro",37,30,NA,30,3,"Approval (Otimo, Bom, Regular, Ruim, P_ssimo)","National",NA,"Online",NA,"IdeiaBigData",NA,"Toledo/Piau�",NA,"BOLSONARO",2019-11-14,"2019-4","2019-11"
"56",2019,"Brazil","Bolsonaro",30.9,42.1,NA,23,4,"Ot-Bom",NA,NA,NA,"Na sua avaliaŤćo, o governo do presidente Jair Bolsonaro est_ sendo Ütimo, bom, regular, ruim ou p_ssimo?","IBPAD","JOTA/IBPAD","https://www.jota.info/dados/aprovacao-de-bolsonaro-pesquisa-jota-04022020",NA,"BOLSONARO",2019-11-15,"2019-4","2019-11"
"57",2019,"Brazil","Bolsonaro",26,36,NA,36,2,"Ot-Bom",NA,1000,NA,"Na sua avaliaŤćo, o governo do presidente Jair Bolsonaro est_ sendo Ütimo, bom, regular, ruim ou p_ssimo?","Quaest","JOTA/Quaest","https://www.jota.info/dados/avaliacao-do-governo-bolsonaro-atinge-pior-nivel-em-serie-de-pesquisa-22062020",NA,"BOLSONARO",2019-11-15,"2019-4","2019-11"
"58",2019,"Brazil","Bolsonaro",27,42,NA,30,1,"Ot-Bom",NA,NA,NA,"Como voc� avalia o governo do Presidente Jair Bolsonaro?","Atlas","Atlas","file: 2020-05-Atlas.pdf",NA,"BOLSONARO",2019-11-15,"2019-4","2019-11"
"59",2019,"Brazil","Bolsonaro",37,32,NA,28,3,"Approval (Otimo, Bom, Regular, Ruim, P_ssimo)","National",NA,"Online",NA,"IdeiaBigData",NA,"Toledo/Piau�",NA,"BOLSONARO",2019-11-21,"2019-4","2019-11"
"60",2019,"Brazil","Bolsonaro",39,29,NA,29,3,"Approval (Otimo, Bom, Regular, Ruim, P_ssimo)","National",NA,"Online",NA,"IdeiaBigData",NA,"Toledo/Piau�",NA,"BOLSONARO",2019-11-28,"2019-4","2019-11"
"61",2019,"Brazil","Bolsonaro",35,33,NA,28,4,"Approval (Otimo, Bom, Regular, Ruim, P_ssimo)","National",NA,"Online",NA,"IdeiaBigData",NA,"Toledo/Piau�",NA,"BOLSONARO",2019-12-05,"2019-4","2019-12"
"62",2019,"Brazil","Bolsonaro",30,36,NA,32,1,"Ot-Bom",NA,2948,NA,"Na sua opinićo o presidente Jair Bolsonaro est_ fazendo um governo Ütimo, bom, regular, ruim ou p_ssimo?","Datafolha","Datafolha","http://datafolha.folha.uol.com.br/opiniaopublica/2019/12/1988542-bolsonaro-e-aprovado-por-30-apos-um-ano-de-governo.shtml",NA,"BOLSONARO",2019-12-06,"2019-4","2019-12"
"63",2019,"Brazil","Bolsonaro",35,39,NA,25,1,"Ot-Bom",NA,1000,NA,"Como o(a) sr(a) avalia o governo de Jair Bolsonaro at_ o momento?","IPESPE","XP-IPESPE","https://conteudos.xpi.com.br/politica/pesquisas-xp-2/",NA,"BOLSONARO",2019-12-11,"2019-4","2019-12"
"64",2019,"Brazil","Bolsonaro",35,33,NA,28,4,"Approval (Otimo, Bom, Regular, Ruim, P_ssimo)","National",NA,"Online",NA,"IdeiaBigData",NA,"Toledo/Piau�",NA,"BOLSONARO",2019-12-11,"2019-4","2019-12"
"65",2019,"Brazil","Bolsonaro",30.7,34.5,NA,30.3,4.5,"Ot-Bom",NA,NA,NA,"Na sua avaliaŤćo, o governo do presidente Jair Bolsonaro est_ sendo Ütimo, bom, regular, ruim ou p_ssimo?","IBPAD","JOTA/IBPAD","https://www.jota.info/dados/aprovacao-de-bolsonaro-pesquisa-jota-04022020",NA,"BOLSONARO",2019-12-15,"2019-4","2019-12"
"66",2019,"Brazil","Bolsonaro",29,32,NA,36,2,"Ot-Bom",NA,1000,NA,"Na sua avaliaŤćo, o governo do presidente Jair Bolsonaro est_ sendo Ütimo, bom, regular, ruim ou p_ssimo?","Quaest","JOTA/Quaest","https://www.jota.info/dados/avaliacao-do-governo-bolsonaro-atinge-pior-nivel-em-serie-de-pesquisa-22062020",NA,"BOLSONARO",2019-12-15,"2019-4","2019-12"
"67",2019,"Brazil","Bolsonaro",36,33,NA,27,4,"Approval (Otimo, Bom, Regular, Ruim, P_ssimo)","National",NA,"Online",NA,"IdeiaBigData",NA,"Toledo/Piau�",NA,"BOLSONARO",2019-12-19,"2019-4","2019-12"
"68",2019,"Brazil","Bolsonaro",29,38,NA,29,3,"Ot-Bom",NA,2000,NA,"Na sua avaliaŤÜo, o governo do presidente Jair Bolsonaro estŕ sendo:","IBOPE","CNI/IBOPE","https://noticias.uol.com.br/politica/ultimas-noticias/2019/12/20/ibope-divulga-aprovacao-do-governo-bolsonaro.htm",NA,"BOLSONARO",2019-12-22,"2019-4","2019-12"
"69",2019,"Brazil","Bolsonaro",38,30,NA,28,4,"Approval (Otimo, Bom, Regular, Ruim, P_ssimo)","National",NA,"Online",NA,"IdeiaBigData",NA,"Toledo/Piau�",NA,"BOLSONARO",2019-12-26,"2019-4","2019-12"
"70",2019,"Brazil","Bolsonaro",38,31,NA,26,4,"Approval (Otimo, Bom, Regular, Ruim, P_ssimo)","National",NA,"Online",NA,"IdeiaBigData",NA,"Toledo/Piau�",NA,"BOLSONARO",2019-12-28,"2019-4","2019-12"
"71",2020,"Brazil","Bolsonaro",30,34,NA,33,3,"Approval (Otimo, Bom, Regular, Ruim, P_ssimo)","National",NA,"Online",NA,"IdeiaBigData",NA,"Toledo/Piau�",NA,"BOLSONARO",2020-01-09,"2020-1","2020-01"
"72",2020,"Brazil","Bolsonaro",32,39,NA,28,1,"Ot-Bom",NA,1000,NA,"Como o(a) sr(a) avalia o governo de Jair Bolsonaro at_ o momento?","IPESPE","XP-IPESPE","https://conteudos.xpi.com.br/politica/pesquisas-xp-2/",NA,"BOLSONARO",2020-01-15,"2020-1","2020-01"
"73",2020,"Brazil","Bolsonaro",39,30,NA,29,3,"Approval (Otimo, Bom, Regular, Ruim, P_ssimo)","National",NA,"Online",NA,"IdeiaBigData",NA,"Toledo/Piau�",NA,"BOLSONARO",2020-01-16,"2020-1","2020-01"
"74",2020,"Brazil","Bolsonaro",34.5,31,NA,32.1,2.4,"Ot-Bom",NA,2002,NA,"O (a) Sr. (a) avalia o governo do presidente Jair Bolsonaro como: Ótimo, Bom, Regular, Ruim, ou P_ssimo?","MDA","CNT/MDA","https://www.cnt.org.br/pesquisas",NA,"BOLSONARO",2020-01-18,"2020-1","2020-01"
"75",2020,"Brazil","Bolsonaro",39,28,NA,29,4,"Approval (Otimo, Bom, Regular, Ruim, P_ssimo)","National",NA,"Online",NA,"IdeiaBigData",NA,"Toledo/Piau�",NA,"BOLSONARO",2020-01-23,"2020-1","2020-01"
"76",2020,"Brazil","Bolsonaro",38,27,NA,32,3,"Approval (Otimo, Bom, Regular, Ruim, P_ssimo)","National",NA,"Online",NA,"IdeiaBigData",NA,"Toledo/Piau�",NA,"BOLSONARO",2020-01-30,"2020-1","2020-01"
"77",2020,"Brazil","Bolsonaro",34.3,32,NA,31,2.7,"Ot-Bom",NA,1022,NA,"Na sua avaliaŤćo, o governo do presidente Jair Bolsonaro est_ sendo Ütimo, bom, regular, ruim ou p_ssimo?","IBPAD","JOTA/IBPAD","https://www.jota.info/dados/aprovacao-de-bolsonaro-pesquisa-jota-04022020",NA,"BOLSONARO",2020-01-31,"2020-1","2020-01"
"78",2020,"Brazil","Bolsonaro",38,28,NA,30,4,"Approval (Otimo, Bom, Regular, Ruim, P_ssimo)","National",NA,"Online",NA,"IdeiaBigData",NA,"Toledo/Piau�",NA,"BOLSONARO",2020-02-06,"2020-1","2020-02"
"79",2020,"Brazil","Bolsonaro",39,27,NA,31,3,"Approval (Otimo, Bom, Regular, Ruim, P_ssimo)","National",NA,"Online",NA,"IdeiaBigData",NA,"Toledo/Piau�",NA,"BOLSONARO",2020-02-13,"2020-1","2020-02"
"80",2020,"Brazil","Bolsonaro",29,38,NA,31,2,"Ot-Bom",NA,NA,NA,"Como voc� avalia o governo do Presidente Jair Bolsonaro?","Atlas","Atlas","file: 2020-05-Atlas.pdf",NA,"BOLSONARO",2020-02-15,"2020-1","2020-02"
"81",2020,"Brazil","Bolsonaro",34,36,NA,29,2,"Ot-Bom",NA,1000,NA,"Como o(a) sr(a) avalia o governo de Jair Bolsonaro at_ o momento?","IPESPE","XP-IPESPE","https://conteudos.xpi.com.br/politica/pesquisas-xp-2/",NA,"BOLSONARO",2020-02-19,"2020-1","2020-02"
"82",2020,"Brazil","Bolsonaro",37,28,NA,30,4,"Approval (Otimo, Bom, Regular, Ruim, P_ssimo)","National",NA,"Online",NA,"IdeiaBigData",NA,"Toledo/Piau�",NA,"BOLSONARO",2020-02-20,"2020-1","2020-02"
"83",2020,"Brazil","Bolsonaro",39,26,NA,30,5,"Approval (Otimo, Bom, Regular, Ruim, P_ssimo)","National",NA,"Online",NA,"IdeiaBigData",NA,"Toledo/Piau�",NA,"BOLSONARO",2020-03-05,"2020-1","2020-03"
"84",2020,"Brazil","Bolsonaro",30,35,NA,34,1,"Ot-Bom",NA,1000,NA,"Na sua avaliaŤćo, o governo do presidente Jair Bolsonaro est_ sendo Ütimo, bom, regular, ruim ou p_ssimo?","Quaest","JOTA/Quaest","https://www.jota.info/dados/avaliacao-do-governo-bolsonaro-atinge-pior-nivel-em-serie-de-pesquisa-22062020",NA,"BOLSONARO",2020-03-15,"2020-1","2020-03"
"85",2020,"Brazil","Bolsonaro",26,41,NA,33,0,"Ot-Bom",NA,NA,NA,"Como voc� avalia o governo do Presidente Jair Bolsonaro?","Atlas","Atlas","file: 2020-05-Atlas.pdf",NA,"BOLSONARO",2020-03-15,"2020-1","2020-03"
"86",2020,"Brazil","Bolsonaro",30,36,NA,31,3,"Ot-Bom",NA,1000,NA,"Como o(a) sr(a) avalia o governo de Jair Bolsonaro at_ o momento?","IPESPE","XP-IPESPE","https://conteudos.xpi.com.br/politica/pesquisas-xp-2/",NA,"BOLSONARO",2020-03-18,"2020-1","2020-03"
"87",2020,"Brazil","Bolsonaro",38,30,NA,28,5,"Approval (Otimo, Bom, Regular, Ruim, P_ssimo)","National",NA,"Online",NA,"IdeiaBigData",NA,"Toledo/Piau�",NA,"BOLSONARO",2020-03-19,"2020-1","2020-03"
"88",2020,"Brazil","Bolsonaro",28,40,NA,29,3,"Ot-Bom",NA,1000,NA,"Na sua avaliaŤćo, o governo do presidente Jair Bolsonaro est_ sendo Ütimo, bom, regular, ruim ou p_ssimo?","Quaest","JOTA/Quaest","https://www.jota.info/dados/avaliacao-do-governo-bolsonaro-atinge-pior-nivel-em-serie-de-pesquisa-22062020",NA,"BOLSONARO",2020-03-23,"2020-1","2020-03"
"89",2020,"Brazil","Bolsonaro",34,36,NA,26,4,"Approval (Otimo, Bom, Regular, Ruim, P_ssimo)","National",NA,"Online",NA,"IdeiaBigData",NA,"Toledo/Piau�",NA,"BOLSONARO",2020-03-25,"2020-1","2020-03"
"90",2020,"Brazil","Bolsonaro",28,42,NA,27,3,"Ot-Bom",NA,1000,NA,"Como o(a) sr(a) avalia o governo de Jair Bolsonaro at_ o momento?","IPESPE","XP-IPESPE","https://conteudos.xpi.com.br/politica/pesquisas-xp-2/",NA,"BOLSONARO",2020-04-01,"2020-2","2020-04"
"91",2020,"Brazil","Bolsonaro",32,36,NA,28,3,"Approval (Otimo, Bom, Regular, Ruim, P_ssimo)","National",NA,"Online",NA,"IdeiaBigData",NA,"Toledo/Piau�",NA,"BOLSONARO",2020-04-01,"2020-2","2020-04"
"92",2020,"Brazil","Bolsonaro",34,34,NA,29,3,"Approval (Otimo, Bom, Regular, Ruim, P_ssimo)","National",NA,"Online",NA,"IdeiaBigData",NA,"Toledo/Piau�",NA,"BOLSONARO",2020-04-08,"2020-2","2020-04"
"93",2020,"Brazil","Bolsonaro",30,40,NA,26,3,"Ot-Bom",NA,NA,NA,"Como o(a) sr(a) avalia o governo de Jair Bolsonaro at_ o momento?","IPESPE","XP-IPESPE","https://conteudos.xpi.com.br/politica/pesquisas-xp-2/",NA,"BOLSONARO",2020-04-15,"2020-2","2020-04"
"94",2020,"Brazil","Bolsonaro",36,33,NA,28,3,"Ot-Bom",NA,2500,NA,"De maneira geral, como voc� avalia o trabalho do presidente Jair Bolsonaro?","DataPoder360","DataPoder360","https://www.poder360.com.br/datapoder360/entenda-como-foi-realizada-a-pesquisa-datapoder360/",NA,"BOLSONARO",2020-04-15,"2020-2","2020-04"
"95",2020,"Brazil","Bolsonaro",31,45,NA,24,0,"Ot-Bom",NA,1000,NA,"Na sua avaliaŤćo, o governo do presidente Jair Bolsonaro est_ sendo Ütimo, bom, regular, ruim ou p_ssimo?","Quaest","JOTA/Quaest","https://www.jota.info/dados/avaliacao-do-governo-bolsonaro-atinge-pior-nivel-em-serie-de-pesquisa-22062020",NA,"BOLSONARO",2020-04-15,"2020-2","2020-04"
"96",2020,"Brazil","Bolsonaro",21,49,NA,28,2,"Ot-Bom",NA,NA,NA,"Como voc� avalia o governo do Presidente Jair Bolsonaro?","Atlas","Atlas","file: 2020-05-Atlas.pdf",NA,"BOLSONARO",2020-04-15,"2020-2","2020-04"
"97",2020,"Brazil","Bolsonaro",34,33,NA,30,3,"Approval (Otimo, Bom, Regular, Ruim, P_ssimo)","National",NA,"Online",NA,"IdeiaBigData",NA,"Toledo/Piau�",NA,"BOLSONARO",2020-04-16,"2020-2","2020-04"
"98",2020,"Brazil","Bolsonaro",31,42,NA,26,2,"Ot-Bom",NA,NA,NA,"Como o(a) sr(a) avalia o governo de Jair Bolsonaro at_ o momento?","IPESPE","XP-IPESPE","https://conteudos.xpi.com.br/politica/pesquisas-xp-2/",NA,"BOLSONARO",2020-04-22,"2020-2","2020-04"
"99",2020,"Brazil","Bolsonaro",36,34,NA,27,3,"Approval (Otimo, Bom, Regular, Ruim, P_ssimo)","National",NA,"Online",NA,"IdeiaBigData",NA,"Toledo/Piau�",NA,"BOLSONARO",2020-04-23,"2020-2","2020-04"
"100",2020,"Brazil","Bolsonaro",31,42,NA,24,3,"Ot-Bom",NA,800,NA,"Como o(a) sr(a) avalia o governo de Jair Bolsonaro at_ o momento?","IPESPE","XP-IPESPE","https://conteudos.xpi.com.br/politica/pesquisas-xp-2/",NA,"BOLSONARO",2020-04-24,"2020-2","2020-04"
"101",2020,"Brazil","Bolsonaro",20,48,NA,30,2,"Ot-Bom",NA,1000,NA,"Na sua avaliaŤćo, o governo do presidente Jair Bolsonaro est_ sendo Ütimo, bom, regular, ruim ou p_ssimo?","Quaest","JOTA/Quaest","https://www.jota.info/dados/avaliacao-do-governo-bolsonaro-atinge-pior-nivel-em-serie-de-pesquisa-22062020",NA,"BOLSONARO",2020-04-26,"2020-2","2020-04"
"102",2020,"Brazil","Bolsonaro",33,38,NA,26,3,"Ot-Bom",NA,1503,"Telephone","Na sua opinićo o presidente Jair Bolsonaro est_ fazendo um governo Ütimo, bom, regular, ruim ou p_ssimo?","Datafolha","Datafolha","https://www1.folha.uol.com.br/poder/2020/04/impeachment-de-bolsonaro-divide-o-pais-mas-presidente-mantem-base-de-apoio-diz-datafolha.shtml","Phone survey due to the pandemic (Datafolha usually does face to face interviews)","BOLSONARO",2020-04-27,"2020-2","2020-04"
"103",2020,"Brazil","Bolsonaro",29,40,NA,26,5,"Ot-Bom",NA,2500,NA,"De maneira geral, como voc� avalia o trabalho do presidente Jair Bolsonaro?","DataPoder360","DataPoder360","https://www.poder360.com.br/datapoder360/entenda-como-foi-realizada-a-pesquisa-datapoder360/",NA,"BOLSONARO",2020-04-29,"2020-2","2020-04"
"104",2020,"Brazil","Bolsonaro",27,49,NA,24,1,"Ot-Bom",NA,1000,NA,"Como o(a) sr(a) avalia o governo de Jair Bolsonaro at_ o momento?","IPESPE","XP-IPESPE","https://conteudos.xpi.com.br/politica/pesquisas-xp-2/",NA,"BOLSONARO",2020-04-30,"2020-2","2020-04"
"105",2020,"Brazil","Bolsonaro",28,41,NA,27,4,"Approval (Otimo, Bom, Regular, Ruim, P_ssimo)","National",NA,"Online",NA,"IdeiaBigData",NA,"Toledo/Piau�",NA,"BOLSONARO",2020-04-30,"2020-2","2020-04"
"106",2020,"Brazil","Bolsonaro",27,43,NA,26,4,"Approval (Otimo, Bom, Regular, Ruim, P_ssimo)","National",NA,"Online",NA,"IdeiaBigData",NA,"Toledo/Piau�",NA,"BOLSONARO",2020-05-07,"2020-2","2020-05"
"107",2020,"Brazil","Bolsonaro",32,43.4,NA,22.9,1.7,"Ot-Bom",NA,2002,NA,"O (a) Sr. (a) avalia o governo do presidente Jair Bolsonaro como: Ótimo, Bom, Regular, Ruim, ou P_ssimo?","MDA","CNT/MDA","https://www.cnt.org.br/pesquisas",NA,"BOLSONARO",2020-05-10,"2020-2","2020-05"
"108",2020,"Brazil","Bolsonaro",30,39,NA,27,4,"Ot-Bom",NA,2500,NA,"De maneira geral, como voc� avalia o trabalho do presidente Jair Bolsonaro?","DataPoder360","DataPoder360","https://www.poder360.com.br/datapoder360/entenda-como-foi-realizada-a-pesquisa-datapoder360/",NA,"BOLSONARO",2020-05-13,"2020-2","2020-05"
"109",2020,"Brazil","Bolsonaro",28,44,NA,25,3,"Approval (Otimo, Bom, Regular, Ruim, P_ssimo)","National",NA,"Online",NA,"IdeiaBigData",NA,"Toledo/Piau�",NA,"BOLSONARO",2020-05-14,"2020-2","2020-05"
"110",2020,"Brazil","Bolsonaro",32,39.6,NA,24.9,3.6,"Ot-Bom",NA,1000,"Online Panel","Na sua opiniÜo, o presidente Jair Bolsonaro estŕ fazendo um governo Ńtimo, bom, regular, ruim ou p_ssimo?","Offerwise","FŃrum/Offerwise","https://revistaforum.com.br/pesquisaforum/governo-bolsonaro-tem-32-de-otimo-e-bom-na-pesquisa-forum-de-maio/",NA,"BOLSONARO",2020-05-17,"2020-2","2020-05"
"111",2020,"Brazil","Bolsonaro",25,50,NA,23,2,"Ot-Bom",NA,1000,NA,"Como o(a) sr(a) avalia o governo de Jair Bolsonaro at_ o momento?","IPESPE","XP-IPESPE","https://conteudos.xpi.com.br/politica/pesquisas-xp-2/",NA,"BOLSONARO",2020-05-18,"2020-2","2020-05"
"112",2020,"Brazil","Bolsonaro",27,43,NA,27,3,"Approval (Otimo, Bom, Regular, Ruim, P_ssimo)","National",NA,"Online",NA,"IdeiaBigData",NA,"Toledo/Piau�",NA,"BOLSONARO",2020-05-21,"2020-2","2020-05"
"113",2020,"Brazil","Bolsonaro",33,43,NA,22,2,"Ot-Bom",NA,2069,"Telephone","Na sua opinićo o presidente Jair Bolsonaro est_ fazendo um governo Ütimo, bom, regular, ruim ou p_ssimo?","Datafolha","Datafolha","http://datafolha.folha.uol.com.br/opiniaopublica/2020/05/1988731-reprovacao-a-bolsonaro-sobe-atinge-43-aprovacao-fica-estavel.shtml","Phone survey due to the pandemic (Datafolha usually does face to face interviews)","BOLSONARO",2020-05-26,"2020-2","2020-05"
"114",2020,"Brazil","Bolsonaro",23,58,NA,19,0,"Ot-Bom",NA,2000,NA,"Como voc� avalia o governo do Presidente Jair Bolsonaro?","Atlas","Atlas","file: 2020-05-Atlas.pdf",NA,"BOLSONARO",2020-05-26,"2020-2","2020-05"
"115",2020,"Brazil","Bolsonaro",26,49,NA,23,2,"Ot-Bom",NA,1000,NA,"Como o(a) sr(a) avalia o governo de Jair Bolsonaro at_ o momento?","IPESPE","XP-IPESPE","https://conteudos.xpi.com.br/politica/pesquisas-xp-2/",NA,"BOLSONARO",2020-05-27,"2020-2","2020-05"
"116",2020,"Brazil","Bolsonaro",28,44,NA,23,5,"Ot-Bom",NA,2500,NA,"De maneira geral, como voc� avalia o trabalho do presidente Jair Bolsonaro?","DataPoder360","DataPoder360","https://www.poder360.com.br/datapoder360/entenda-como-foi-realizada-a-pesquisa-datapoder360/",NA,"BOLSONARO",2020-05-27,"2020-2","2020-05"
"117",2020,"Brazil","Bolsonaro",28,42,NA,26,4,"Approval (Otimo, Bom, Regular, Ruim, P_ssimo)","National",NA,"Online",NA,"IdeiaBigData",NA,"Toledo/Piau�",NA,"BOLSONARO",2020-05-28,"2020-2","2020-05"
"118",2020,"Brazil","Bolsonaro",28,47,NA,20,5,"Ot-Bom",NA,2500,NA,"De maneira geral, como voc� avalia o trabalho do presidente Jair Bolsonaro?","DataPoder360","DataPoder360","https://www.poder360.com.br/datapoder360/entenda-como-foi-realizada-a-pesquisa-datapoder360/",NA,"BOLSONARO",2020-06-10,"2020-2","2020-06"
"119",2020,"Brazil","Bolsonaro",28,48,NA,22,2,"Ot-Bom",NA,1000,NA,"Como o(a) sr(a) avalia o governo de Jair Bolsonaro at_ o momento?","IPESPE","XP-IPESPE","https://conteudos.xpi.com.br/politica/pesquisas-xp-2/",NA,"BOLSONARO",2020-06-11,"2020-2","2020-06"
"120",2020,"Brazil","Bolsonaro",29,46,NA,0,0,"Approval (Otimo, Bom, Regular, Ruim, P_ssimo)","National",NA,"Online",NA,"IdeiaBigData",NA,"Toledo/Piau�",NA,"BOLSONARO",2020-06-11,"2020-2","2020-06"
"121",2020,"Brazil","Bolsonaro",35.1,41.6,NA,21.5,1.8,"Ot-Bom",NA,1000,"Online Panel","Na sua opiniÜo, o presidente Jair Bolsonaro estŕ fazendo um governo Ńtimo, bom, regular, ruim ou p_ssimo?","Offerwise","FŃrum/Offerwise","https://revistaforum.com.br/pesquisaforum/avaliacao-de-bolsonaro-se-mantem-estavel-ruim-e-pessimo-aumentam-mas-otimo-e-bom-tambem/",NA,"BOLSONARO",2020-06-13,"2020-2","2020-06"
"122",2020,"Brazil","Bolsonaro",21,54,NA,23,2,"Ot-Bom",NA,1000,NA,"Na sua avaliaŤćo, o governo do presidente Jair Bolsonaro est_ sendo Ütimo, bom, regular, ruim ou p_ssimo?","Quaest","JOTA/Quaest","https://www.jota.info/dados/avaliacao-do-governo-bolsonaro-atinge-pior-nivel-em-serie-de-pesquisa-22062020",NA,"BOLSONARO",2020-06-15,"2020-2","2020-06"
"123",2020,"Brazil","Bolsonaro",25,42,NA,30,3,"Approval (Otimo, Bom, Regular, Ruim, P_ssimo)","National",NA,"Online",NA,"IdeiaBigData",NA,"Toledo/Piau�",NA,"BOLSONARO",2020-06-18,"2020-2","2020-06"
"124",2020,"Brazil","Bolsonaro",32,44,NA,23,1,"Ot-Bom",NA,2016,"Telephone","Na sua opinićo o presidente Jair Bolsonaro est_ fazendo um governo Ütimo, bom, regular, ruim ou p_ssimo?","Datafolha","Datafolha","http://datafolha.folha.uol.com.br/opiniaopublica/2020/06/1988765-bolsonaro-e-reprovado-por-44.shtml","Phone survey due to the pandemic (Datafolha usually does face to face interviews)","BOLSONARO",2020-06-24,"2020-2","2020-06"
"125",2020,"Brazil","Bolsonaro",27,43,NA,28,2,"Approval (Otimo, Bom, Regular, Ruim, P_ssimo)","National",NA,"Online",NA,"IdeiaBigData",NA,"Toledo/Piau�",NA,"BOLSONARO",2020-06-25,"2020-2","2020-06"
"126",2020,"Brazil","Bolsonaro",25,56,NA,18,1,"Ot-Bom",NA,2000,"Online","Como voc� avalia o governo do Presidente Jair Bolsonaro?","Atlas","Atlas","https://www.atlasintel.org/poll/brazil-national-2020-07-01",NA,"BOLSONARO",2020-06-30,"2020-2","2020-06"
"127",2020,"Brazil","Bolsonaro",27,44,NA,25,4,"Approval (Otimo, Bom, Regular, Ruim, P_ssimo)","National",NA,"Online",NA,"IdeiaBigData",NA,"Toledo/Piau�",NA,"BOLSONARO",2020-07-02,"2020-3","2020-07"
"128",2020,"Brazil","Bolsonaro",31,44,NA,23,2,"Ot-Bom",NA,1500,"Telephone",NA,"Vox","Vox Populi/PT","https://pt.org.br/vox-bolsonaro-derruba-as-expectativas-e-81-dos-brasileiros-estao-pessimistas/",NA,"BOLSONARO",2020-07-03,"2020-3","2020-07"
"129",2020,"Brazil","Bolsonaro",29,46,NA,20,5,"Ot-Bom",NA,2500,"Telephone","De maneira geral, como voc� avalia o trabalho do presidente Jair Bolsonaro?","DataPoder360","DataPoder360","https://www.poder360.com.br/poderdata/entenda-como-foi-realizada-a-pesquisa-datapoder360/",NA,"BOLSONARO",2020-07-08,"2020-3","2020-07"
"130",2020,"Brazil","Bolsonaro",25,41,NA,29,5,"Approval (Otimo, Bom, Regular, Ruim, P_ssimo)","National",NA,"Online",NA,"IdeiaBigData",NA,"Toledo/Piau�",NA,"BOLSONARO",2020-07-09,"2020-3","2020-07"
"131",2020,"Brazil","Bolsonaro",30,45,NA,24,1,"Ot-Bom",NA,1000,"Telephone","Como o(a) sr(a) avalia o governo de Jair Bolsonaro at_ o momento?","IPESPE","XP-IPESPE","https://conteudos.xpi.com.br/politica/pesquisas-xp-2/",NA,"BOLSONARO",2020-07-15,"2020-3","2020-07"
"132",2020,"Brazil","Bolsonaro",33.3,39.7,NA,24.2,2.8,"Ot-Bom",NA,1000,"Online Panel","Na sua opiniÜo, o presidente Jair Bolsonaro estŕ fazendo um governo Ńtimo, bom, regular, ruim ou p_ssimo?","Offerwise","FŃrum/Offerwise","https://revistaforum.com.br/pesquisaforum/pesquisa-forum-avaliacao-de-bolsonaro-se-mantem-estavel-com-333-de-otimo-e-bom/",NA,"BOLSONARO",2020-07-17,"2020-3","2020-07"
"133",2020,"Brazil","Bolsonaro",34.3,38,NA,25.8,2,"Ot-Bom",NA,2030,"Telephone","A administraŤÜo do Presidente Jair Bolsonaro estŕ sendo Ńtima, boa, regular, ruim ou p_ssima?","Parana","Parana","https://www.paranapesquisas.com.br/pesquisas/pesquisa-nacional-situacao-eleitoral-para-o-executivo-federal-a-presidente-em-2022-e-avaliacao-da-administracao-federal-julho-2020/",NA,"BOLSONARO",2020-07-21,"2020-3","2020-07"
"134",2020,"Brazil","Bolsonaro",30,43,NA,23,4,"Ot-Bom",NA,2500,"Telephone","De maneira geral, como voc� avalia o trabalho do presidente Jair Bolsonaro?","DataPoder360","DataPoder360","https://www.poder360.com.br/poderdata/entenda-como-foi-realizada-a-pesquisa-datapoder360/",NA,"BOLSONARO",2020-07-22,"2020-3","2020-07"
"135",2020,"Brazil","Bolsonaro",32,41,NA,25,2,"Ot-Bom",NA,2500,"Telephone","De maneira geral, como voc� avalia o trabalho do presidente Jair Bolsonaro?","DataPoder360","DataPoder360","https://www.poder360.com.br/poderdata/governo-bolsonaro-e-aprovado-por-45-e-desaprovado-por-45/",NA,"BOLSONARO",2020-08-05,"2020-3","2020-08"
"136",2020,"Brazil","Bolsonaro",37,34,NA,27,1,"Ot-Bom",NA,2065,"Telephone","Na sua opiniÜo o presidente Jair Bolsonaro estŕ fazendo um governo Ńtimo, bom, regular, ruim ou p_ssimo?","Datafolha","Datafolha","http://datafolha.folha.uol.com.br/opiniaopublica/2020/08/1988832-aprovacao-a-bolsonaro-cresce-e-e-a-mais-alta-desde-inicio-de-mandato.shtml",NA,"BOLSONARO",2020-08-12,"2020-3","2020-08"
"137",2020,"Brazil","Bolsonaro",37,37,NA,23,3,"Ot-Bom",NA,1000,"Telephone","Como o(a) sr(a) avalia o governo de Jair Bolsonaro at_ o momento?","IPESPE","XP-IPESPE","https://conteudos.xpi.com.br/politica/pesquisas-xp-2/",NA,"BOLSONARO",2020-08-15,"2020-3","2020-08"
"138",2020,"Brazil","Bolsonaro",38,35,NA,23,4,"Ot-Bom",NA,2500,"Telephone","De maneira geral, como voc� avalia o trabalho do presidente Jair Bolsonaro?","DataPoder360","DataPoder360","https://www.poder360.com.br/poderdata/aprovacao-do-governo-sobe-para-52-desaprovacao-cai-para-40/",NA,"BOLSONARO",2020-08-19,"2020-3","2020-08"
"139",2020,"Brazil","Bolsonaro",37.5,35.3,NA,24.1,3.1,"Ot-Bom",NA,1000,"Online Panel","Na sua opiniÜo, o presidente Jair Bolsonaro estŕ fazendo um governo Ńtimo, bom, regular, ruim ou p_ssimo?","Offerwise","FŃrum/Offerwise","https://revistaforum.com.br/pesquisaforum/pesquisa-forum-avaliacao-de-bolsonaro-melhora-e-otimo-e-bom-bate-em-375/",NA,"BOLSONARO",2020-08-24,"2020-3","2020-08"
"140",2020,"Brazil","Bolsonaro",39,39,NA,20,2,"Ot-Bom",NA,1235,"Telephone","Como voc� avalia o Governo de Jair Bolsonaro at_ o momento?","IdeiaBigData","EXAME/IDEIA","https://exame.com/brasil/exame-ideia-aprovacao-de-bolsonaro-segue-em-38/",NA,"BOLSONARO",2020-08-31,"2020-3","2020-08"
"141",2020,"Brazil","Bolsonaro",39,34,NA,24,3,"Ot-Bom",NA,2500,"Telephone-IVR","De maneira geral, como voc� avalia o trabalho do presidente Jair Bolsonaro?","DataPoder360","Band/PoderData","https://www.poder360.com.br/poderdata/governo-bolsonaro-e-aprovado-por-50-e-desaprovado-por-41/",NA,"BOLSONARO",2020-09-02,"2020-3","2020-09"
"142",2020,"Brazil","Bolsonaro",35,35,NA,30,0,"Ot-Bom",NA,1200,"Telephone","Como voc� avalia o Governo de Jair Bolsonaro at_ o momento?","IdeiaBigData","EXAME/IDEIA","https://exame.com/brasil/exame-ideia-bolsonaro-atinge-40-de-aprovacao-a-maior-desde-fevereiro/",NA,"BOLSONARO",2020-09-11,"2020-3","2020-09"
"143",2020,"Brazil","Bolsonaro",39,36,NA,24,2,"Ot-Bom",NA,1000,"Telephone","Como o(a) sr(a) avalia o governo de Jair Bolsonaro at_ o momento?","IPESPE","XP-IPESPE","file: Pesquisa-XP_-2020_09.pdf",NA,"BOLSONARO",2020-09-11,"2020-3","2020-09"
"144",2020,"Brazil","Bolsonaro",30,46,NA,22,2,"Ot-Bom",NA,NA,"Online","Como voc� avalia o governo do presidente Jair Bolsonaro?","Atlas","Atlas","https://www.atlasintel.org/polls/general-release-polls",NA,"BOLSONARO",2020-09-15,"2020-3","2020-09"
"145",2020,"Brazil","Bolsonaro",38,34,NA,25,3,"Ot-Bom",NA,2500,"Telephone-IVR","De maneira geral, como voc� avalia o trabalho do presidente Jair Bolsonaro?","DataPoder360","Band/PoderData","https://www.poder360.com.br/poderdata/governo-bolsonaro-e-aprovado-por-49-e-desaprovado-por-44/",NA,"BOLSONARO",2020-09-16,"2020-3","2020-09"
"146",2020,"Brazil","Bolsonaro",40,29,NA,29,2,"Ot-Bom",NA,2000,NA,"Na sua avaliaŤÜo, o governo do presidente Jair Bolsonaro estŕ sendo:","IBOPE","CNI-IBOPE","https://g1.globo.com/politica/noticia/2020/09/24/governo-bolsonaro-tem-aprovacao-de-40percent-e-reprovacao-de-29percent-diz-pesquisa-ibope.ghtml",NA,"BOLSONARO",2020-09-20,"2020-3","2020-09"
"147",2020,"Brazil","Bolsonaro",34,39,NA,26,1,"Ot-Bom",NA,1200,"Telephone","Como voc� avalia o Governo de Jair Bolsonaro at_ o momento?","IdeiaBigData","EXAME/IDEIA","https://exame.com/brasil/exame-ideia-aprovacao-de-bolsonaro-cai-a-35-a-pior-dos-ultimos-meses/",NA,"BOLSONARO",2020-09-24,"2020-3","2020-09"
"148",2020,"Brazil","Bolsonaro",38,30,NA,27,5,"Ot-Bom",NA,2500,"Telephone-IVR","De maneira geral, como voc� avalia o trabalho do presidente Jair Bolsonaro?","DataPoder360","Band/PoderData","https://www.poder360.com.br/poderdata/governo-bolsonaro-e-aprovado-por-52-e-desaprovado-por-42/",NA,"BOLSONARO",2020-09-30,"2020-3","2020-09"
"149",2020,"Brazil","Bolsonaro",34.9,36.5,NA,26.2,2.5,"Ot-Bom",NA,1000,"Online Panel","Na sua opiniÜo, o presidente Jair Bolsonaro estŕ fazendo um governo Ńtimo, bom, regular, ruim ou p_ssimo?","Offerwise","FŃrum/Offerwise","https://revistaforum.com.br/noticias/otimo-e-bom-de-bolsonaro-cai-e-ruim-e-pessimo-sobe-em-nova-pesquisa-forum/",NA,"BOLSONARO",2020-10-05,"2020-4","2020-10"
"150",2020,"Brazil","Bolsonaro",36,37,NA,25,2,"Ot-Bom",NA,1200,"Telephone","Como voc� avalia o Governo de Jair Bolsonaro at_ o momento?","IdeiaBigData","EXAME/IDEIA","https://exame.com/brasil/exame-ideia-aprovacao-de-bolsonaro-volta-a-subir-e-chega-a-39/",NA,"BOLSONARO",2020-10-08,"2020-4","2020-10"
"151",2020,"Brazil","Bolsonaro",39,31,NA,28,2,"Ot-Bom",NA,1000,"Telephone","Como o(a) sr(a) avalia o governo de Jair Bolsonaro at_ o momento?","IPESPE","XP-IPESPE","file: Pesquisa-XP_-2020_10.pdf",NA,"BOLSONARO",2020-10-11,"2020-4","2020-10"
"152",2020,"Brazil","Bolsonaro",38.7,32.1,NA,27.2,2,"Ot-Bom",NA,NA,NA,"A administraŤÜo do Presidente Jair Bolsonaro estŕ sendo Ńtima, boa, regular, ruim ou p_ssima?","Parana","VEJA/Parana","https://veja.abril.com.br/politica/pesquisa-aprovacao-de-bolsonaro-cresce-mesmo-em-meio-a-crise-da-covid-19/",NA,"BOLSONARO",2020-10-13,"2020-4","2020-10"
"153",2020,"Brazil","Bolsonaro",40,33,NA,25,2,"Ot-Bom",NA,2500,"Telephone-IVR","De maneira geral, como voc� avalia o trabalho do presidente Jair Bolsonaro?","DataPoder360","Band/PoderData","https://www.poder360.com.br/poderdata/governo-bolsonaro-e-aprovado-por-52-e-desaprovado-por-41-mostra-poderdata/",NA,"BOLSONARO",2020-10-14,"2020-4","2020-10"
"154",2020,"Brazil","Bolsonaro",37,34,NA,27,2,"Ot-Bom",NA,1200,"Telephone","Como voc� avalia o Governo de Jair Bolsonaro at_ o momento?","IdeiaBigData","EXAME/IDEIA","https://exame.com/brasil/exame-ideia-bolsonaro-mantem-indice-de-aprovacao-de-39/",NA,"BOLSONARO",2020-10-22,"2020-4","2020-10"
"155",2020,"Brazil","Bolsonaro",41.2,27.2,NA,30.3,1.3,"Ot-Bom",NA,2002,NA,"O (a) Sr. (a) avalia o governo do presidente Jair Bolsonaro como: Ótimo, Bom, Regular, Ruim, ou P_ssimo?","MDA","CNT/MDA","https://www.cnt.org.br/agencia-cnt/cnt-divulga-nova-rodada-da-pesquisa-de-opiniao-2020",NA,"BOLSONARO",2020-10-24,"2020-4","2020-10"
"156",2020,"Brazil","Bolsonaro",38,35,NA,23,4,"Ot-Bom",NA,2500,"Telephone-IVR","De maneira geral, como voc� avalia o trabalho do presidente Jair Bolsonaro?","DataPoder360","Band/PoderData","https://www.poder360.com.br/poderdata/governo-bolsonaro-e-aprovado-por-48-e-desaprovado-por-42-mostra-poderdata/",NA,"BOLSONARO",2020-10-28,"2020-4","2020-10"
"157",2020,"Brazil","Bolsonaro",37,33,NA,27,3,"Ot-Bom",NA,1200,"Telephone","Como voc� avalia o Governo de Jair Bolsonaro at_ o momento?","IdeiaBigData","EXAME/IDEIA","https://exame.com/brasil/exame-ideia-aprovacao-do-presidente-bolsonaro-segue-estavel-em-38/",NA,"BOLSONARO",2020-11-05,"2020-4","2020-11"
"158",2020,"Brazil","Bolsonaro",30.9,40,NA,27.5,1.6,"Ot-Bom",NA,1000,"Online Panel","Na sua opiniÜo, o presidente Jair Bolsonaro estŕ fazendo um governo Ńtimo, bom, regular, ruim ou p_ssimo?","Offerwise","FŃrum/Offerwise","https://revistaforum.com.br/pesquisaforum/pesquisa-forum-popularidade-de-bolsonaro-volta-a-cair-e-ruim-ou-pessimo-bate-em-40/",NA,"BOLSONARO",2020-11-09,"2020-4","2020-11"
"159",2020,"Brazil","Bolsonaro",36,40,NA,21,3,"Ot-Bom",NA,2500,"Telephone-IVR","De maneira geral, como voc� avalia o trabalho do presidente Jair Bolsonaro?","DataPoder360","Band/PoderData","https://www.poder360.com.br/poderdata/rejeicao-ao-trabalho-de-bolsonaro-cresce-enquanto-aprovacao-ao-governo-cai/",NA,"BOLSONARO",2020-11-11,"2020-4","2020-11"
"160",2020,"Brazil","Bolsonaro",31,46,NA,21,2,"Ot-Bom",NA,NA,"Online","Como voc� avalia o governo do presidente Jair Bolsonaro?","Atlas","Atlas","https://www.atlasintel.org/polls/general-release-polls",NA,"BOLSONARO",2020-11-15,"2020-4","2020-11"
"161",2020,"Brazil","Bolsonaro",41,31,NA,26,2,"Ot-Bom",NA,1200,"Telephone","Como voc� avalia o Governo de Jair Bolsonaro at_ o momento?","IdeiaBigData","EXAME/IDEIA","https://exame.com/brasil/exame-ideia-aprovacao-de-bolsonaro-vai-a-41-a-mais-alta-em-quase-2-anos/",NA,"BOLSONARO",2020-11-19,"2020-4","2020-11"
"162",2020,"Brazil","Bolsonaro",37,34,NA,28,2,"Ot-Bom",NA,1000,"Telephone","Como o(a) sr(a) avalia o governo de Jair Bolsonaro at_ o momento?","IPESPE","XP-IPESPE","file: Pesquisa-XP_-2020_11.pdf",NA,"BOLSONARO",2020-11-20,"2020-4","2020-11"
"163",2020,"Brazil","Bolsonaro",36,40,NA,19,5,"Ot-Bom",NA,2500,"Telephone-IVR","De maneira geral, como voc� avalia o trabalho do presidente Jair Bolsonaro?","DataPoder360","Band/PoderData","https://www.poder360.com.br/poderdata/desaprovacao-ao-trabalho-de-bolsonaro-chega-a-55-no-sudeste-recorde-na-pandemia/",NA,"BOLSONARO",2020-11-25,"2020-4","2020-11"
"164",2020,"Brazil","Bolsonaro",37.2,37.3,NA,24.4,1.2,"Ot-Bom",NA,2036,"Telephone","A administraŤÜo do Presidente Jair Bolsonaro estŕ sendo Ńtima, boa, regular, ruim ou p_ssima?","Parana","Parana","https://www.paranapesquisas.com.br/pesquisas/pesquisa-nacional-situacao-eleitoral-para-o-executivo-federal-em-2022-e-avaliacao-da-administracao-federal-novembro-2020/",NA,"BOLSONARO",2020-12-01,"2020-4","2020-12"
"165",2020,"Brazil","Bolsonaro",35,37,NA,27,1,"Ot-Bom",NA,1200,"Telephone","Como voc� avalia o Governo de Jair Bolsonaro at_ o momento?","IdeiaBigData","EXAME/IDEIA","https://exame.com/brasil/exame-ideia-aprovacao-de-bolsonaro-despenca-de-37-para-26/",NA,"BOLSONARO",2020-12-03,"2020-4","2020-12"
"166",2020,"Brazil","Bolsonaro",35,33,32,NA,NA,"Ot-Bom",NA,2000,NA,"Na sua avaliaŤÜo, o governo do presidente Jair Bolsonaro estŕ sendo:","IBOPE","CNI-IBOPE","https://valor.globo.com/politica/noticia/2020/12/16/governo-bolsonaro-e-aprovado-por-35percent-e-reprovado-por-33percent-aponta-ibope.ghtml",NA,"BOLSONARO",2020-12-08,"2020-4","2020-12"
"167",2020,"Brazil","Bolsonaro",37,40,NA,20,3,"Ot-Bom",NA,2500,"Telephone-IVR","De maneira geral, como voc� avalia o trabalho do presidente Jair Bolsonaro?","DataPoder360","Band/PoderData","https://www.poder360.com.br/poderdata/desaprovacao-ao-trabalho-de-bolsonaro-chega-a-55-no-sudeste-recorde-na-pandemia/",NA,"BOLSONARO",2020-12-09,"2020-4","2020-12"
"168",2020,"Brazil","Bolsonaro",37,32,NA,29,2,"Ot-Bom",NA,2016,"Telephone","Na sua opiniÜo o presidente Jair Bolsonaro estŕ fazendo um governo Ńtimo, bom, regular, ruim ou p_ssimo?","Datafolha","Datafolha","https://datafolha.folha.uol.com.br/opiniaopublica/2020/12/1989183-bolsonaro-mantem-aprovacao-de-37-e-32-reprovam-seu-governo.shtml",NA,"BOLSONARO",2020-12-10,"2020-4","2020-12"
"169",2020,"Brazil","Bolsonaro",38,35,NA,25,2,"Ot-Bom",NA,1000,"Telephone","Como o(a) sr(a) avalia o governo de Jair Bolsonaro at_ o momento?","IPESPE","XP-IPESPE","https://conteudos.xpi.com.br/politica/pesquisas-xp-2/",NA,"BOLSONARO",2020-12-15,"2020-4","2020-12"
"170",2020,"Brazil","Bolsonaro",36,35,NA,27,1,"Ot-Bom",NA,1200,"Telephone","Como voc� avalia o Governo de Jair Bolsonaro at_ o momento?","IdeiaBigData","EXAME/IDEIA","https://exame.com/brasil/exame-ideia-aprovacao-de-bolsonaro-despenca-de-37-para-26/",NA,"BOLSONARO",2020-12-17,"2020-4","2020-12"
"171",2020,"Brazil","Bolsonaro",39,42,NA,17,2,"Ot-Bom",NA,2500,"Telephone-IVR","De maneira geral, como voc� avalia o trabalho do presidente Jair Bolsonaro?","DataPoder360","Band/PoderData","https://www.poder360.com.br/poderdata/desaprovacao-ao-trabalho-de-bolsonaro-chega-a-55-no-sudeste-recorde-na-pandemia/",NA,"BOLSONARO",2020-12-23,"2020-4","2020-12"
"172",2021,"Brazil","Bolsonaro",35,44,NA,18,3,"Ot-Bom",NA,2500,"Telephone-IVR","De maneira geral, como voc� avalia o trabalho do presidente Jair Bolsonaro?","DataPoder360","Band/PoderData","https://www.poder360.com.br/poderdata/desaprovacao-ao-trabalho-de-bolsonaro-chega-a-55-no-sudeste-recorde-na-pandemia/",NA,"BOLSONARO",2021-01-06,"2021-1","2021-01"
"173",2021,"Brazil","Bolsonaro",32,40,NA,26,2,"Ot-Bom",NA,1000,"Telephone","Como o(a) sr(a) avalia o governo de Jair Bolsonaro at_ o momento?","IPESPE","XP-IPESPE","https://conteudos.xpi.com.br/politica/pesquisas-xp-2/",NA,"BOLSONARO",2021-01-14,"2021-1","2021-01"
"174",2021,"Brazil","Bolsonaro",38,34,NA,27,1,"Ot-Bom",NA,1200,"Telephone","Como voc� avalia o Governo de Jair Bolsonaro at_ o momento?","IdeiaBigData","EXAME/IDEIA","https://exame.com/brasil/exame-ideia-aprovacao-de-bolsonaro-despenca-de-37-para-26/",NA,"BOLSONARO",2021-01-14,"2021-1","2021-01"
"175",2021,"Brazil","Bolsonaro",35,43,NA,20,2,"Ot-Bom",NA,2500,"Telephone-IVR","De maneira geral, como voc� avalia o trabalho do presidente Jair Bolsonaro?","DataPoder360","Band/PoderData","https://www.poder360.com.br/poderdata/desaprovacao-ao-trabalho-de-bolsonaro-chega-a-55-no-sudeste-recorde-na-pandemia/",NA,"BOLSONARO",2021-01-20,"2021-1","2021-01"
"176",2021,"Brazil","Bolsonaro",31,40,NA,26,3,"Ot-Bom",NA,2030,"Telephone","Na sua opiniÜo o presidente Jair Bolsonaro estŕ fazendo um governo Ńtimo, bom, regular, ruim ou p_ssimo?","Datafolha","Datafolha","https://datafolha.folha.uol.com.br/opiniaopublica/2021/01/1989211-aprovacao-a-bolsonaro-cai-de-37-para-31-e-reprovacao-vai-a-40.shtml",NA,"BOLSONARO",2021-01-21,"2021-1","2021-01"
"177",2021,"Brazil","Bolsonaro",27,45,NA,26,2,"Ot-Bom",NA,1200,"Telephone","Como voc� avalia o Governo de Jair Bolsonaro at_ o momento?","IdeiaBigData","EXAME/IDEIA","https://exame.com/brasil/exame-ideia-aprovacao-de-bolsonaro-despenca-de-37-para-26/",NA,"BOLSONARO",2021-01-21,"2021-1","2021-01"
"178",2021,"Brazil","Bolsonaro",28,53,NA,19,0,"Ot-Bom",NA,3073,"Online","Como voc� avalia o governo do presidente Jair Bolsonaro?","Atlas","Atlas","https://www.atlasintel.org/polls/general-release-polls",NA,"BOLSONARO",2021-01-24,"2021-1","2021-01"
"179",2021,"Brazil","Bolsonaro",33.3,39.6,NA,25.4,1.6,"Ot-Bom",NA,2002,"Telephone","A administraŤÜo do Presidente Jair Bolsonaro estŕ sendo Ńtima, boa, regular, ruim ou p_ssima?","Parana","Parana","https://www.paranapesquisas.com.br/wp-content/uploads/2021/02/M%C3%ADdiaAvalia%C3%A7%C3%A3oFederal_Jan21.pdf",NA,"BOLSONARO",2021-01-26,"2021-1","2021-01"
"180",2021,"Brazil","Bolsonaro",33,41,NA,22,4,"Ot-Bom",NA,2500,"Telephone-IVR","De maneira geral, como voc� avalia o trabalho do presidente Jair Bolsonaro?","DataPoder360","Band/PoderData","https://www.poder360.com.br/poderdata/desaprovacao-ao-trabalho-de-bolsonaro-chega-a-55-no-sudeste-recorde-na-pandemia/",NA,"BOLSONARO",2021-02-03,"2021-1","2021-02"
"181",2021,"Brazil","Bolsonaro",30,42,NA,25,3,"Ot-Bom",NA,1000,"Telephone","Como o(a) sr(a) avalia o governo de Jair Bolsonaro at_ o momento?","IPESPE","XP-IPESPE","https://conteudos.xpi.com.br/politica/pesquisas-xp-2/",NA,"BOLSONARO",2021-02-04,"2021-1","2021-02"
"182",2021,"Brazil","Bolsonaro",31,43,NA,24,2,"Ot-Bom",NA,1200,"Telephone","Como voc� avalia o Governo de Jair Bolsonaro at_ o momento?","IdeiaBigData","EXAME/IDEIA","https://exame-membercenter-static.s3.us-east-2.amazonaws.com/imagens/EXAME+IDEIA+12+FEV+2021+(3).pdf",NA,"BOLSONARO",2021-02-11,"2021-1","2021-02"
"183",2021,"Brazil","Bolsonaro",31,48,NA,18,3,"Ot-Bom",NA,2500,"Telephone-IVR","De maneira geral, como voc� avalia o trabalho do presidente Jair Bolsonaro?","DataPoder360","Band/PoderData","https://www.poder360.com.br/poderdata/desaprovacao-ao-trabalho-de-bolsonaro-chega-a-55-no-sudeste-recorde-na-pandemia/",NA,"BOLSONARO",2021-02-17,"2021-1","2021-02"
"184",2021,"Brazil","Bolsonaro",32.9,35.5,NA,30.2,1.4,"Ot-Bom",NA,2002,NA,"O (a) Sr. (a) avalia o governo do presidente Jair Bolsonaro como: Ótimo, Bom, Regular, Ruim, ou P_ssimo?","MDA","CNT/MDA","https://www.cnt.org.br/agencia-cnt/resultados-primeira-pesquisa-cnt-2021",NA,"BOLSONARO",2021-02-20,"2021-1","2021-02"
"185",2021,"Brazil","Bolsonaro",31,42,NA,24,3,"Ot-Bom",NA,1000,"Telephone","Como o(a) sr(a) avalia o governo de Jair Bolsonaro at_ o momento?","IPESPE","XP-IPESPE","https://conteudos.xpi.com.br/politica/pesquisas-xp-2/",NA,"BOLSONARO",2021-02-23,"2021-1","2021-02"
"186",2021,"Brazil","Bolsonaro",28,39,NA,NA,NA,"Ot-Bom",NA,2000,NA,"Na sua avaliaŤÜo, o governo do presidente Jair Bolsonaro estŕ sendo:","IBOPE","https://oglobo.globo.com/brasil/bolsonaro-aparece-com-aprovacao-abaixo-de-30-tem-evangelicos-como-principal-base-conheca-pesquisa-24908578",NA,NA,"BOLSONARO",2021-02-23,"2021-1","2021-02"
"187",2021,"Brazil","Bolsonaro",30,43,NA,25,2,"Ot-Bom",NA,1200,"Telephone","Como voc� avalia o Governo de Jair Bolsonaro at_ o momento?","IdeiaBigData","EXAME/IDEIA","https://obrasilianista.com.br/2021/02/26/exame-ideia-big-data-43-avaliam-o-governo-negativamente-avaliacao-positiva-soma-30/",NA,"BOLSONARO",2021-02-25,"2021-1","2021-02"
"188",2021,"Brazil","Bolsonaro",34,40.6,NA,23.7,1.7,"Ot-Bom",NA,2080,"Telephone","A administraŤÜo do Presidente Jair Bolsonaro estŕ sendo Ńtima, boa, regular, ruim ou p_ssima?","Parana","Parana","http://www.paranapesquisas.com.br/wp-content/uploads/2021/03/M%C3%ADdia_AdmFederal-BR_Mar21.pdf",NA,"BOLSONARO",2021-03-01,"2021-1","2021-03"
"189",2021,"Brazil","Bolsonaro",31,47,NA,18,4,"Ot-Bom",NA,2500,"Telephone-IVR","De maneira geral, como voc� avalia o trabalho do presidente Jair Bolsonaro?","DataPoder360","Band/PoderData","https://www.poder360.com.br/poderdata/desaprovacao-ao-trabalho-de-bolsonaro-chega-a-55-no-sudeste-recorde-na-pandemia/",NA,"BOLSONARO",2021-03-03,"2021-1","2021-03"
"190",2021,"Brazil","Bolsonaro",24.5,57,NA,18.2,0.3,"Ot-Bom",NA,3721,"Online","Como voc� avalia o governo do presidente Jair Bolsonaro?","Atlas","Atlas","https://www.atlasintel.org/polls/general-release-polls",NA,"BOLSONARO",2021-03-10,"2021-1","2021-03"
"191",2021,"Brazil","Bolsonaro",30,45,NA,24,1,"Ot-Bom",NA,1000,"Telephone","Como o(a) sr(a) avalia o governo de Jair Bolsonaro at_ o momento?","IPESPE","XP-IPESPE","https://conteudos.xpi.com.br/politica/pesquisas-xp-2/",NA,"BOLSONARO",2021-03-11,"2021-1","2021-03"
"192",2021,"Brazil","Bolsonaro",28,46,NA,23.5,2,"Ot-Bom",NA,1200,"Telephone","Como voc� avalia o Governo de Jair Bolsonaro at_ o momento?","IdeiaBigData","EXAME/IDEIA","Toledo/Piau�",NA,"BOLSONARO",2021-03-11,"2021-1","2021-03"
"193",2021,"Brazil","Bolsonaro",30,44,NA,24,2,"Ot-Bom",NA,2023,"Telephone","Na sua opiniÜo o presidente Jair Bolsonaro estŕ fazendo um governo Ńtimo, bom, regular, ruim ou p_ssimo?","Datafolha","Datafolha","https://datafolha.folha.uol.com.br/opiniaopublica/2021/03/1989225-reprovacao-a-bolsonaro-vai-a-44-e-56-o-veem-como-lideranca-incapaz.shtml",NA,"BOLSONARO",2021-03-16,"2021-1","2021-03"
"194",2021,"Brazil","Bolsonaro",24,52,NA,23,1,"Ot-Bom",NA,3500,"Telephone-IVR","De maneira geral, como voc� avalia o trabalho do presidente Jair Bolsonaro?","DataPoder360","Band/PoderData","https://www.poder360.com.br/poderdata/desaprovacao-ao-trabalho-de-bolsonaro-chega-a-55-no-sudeste-recorde-na-pandemia/",NA,"BOLSONARO",2021-03-17,"2021-1","2021-03"
"195",2021,"Brazil","Bolsonaro",27,49,NA,22,2,"Ot-Bom",NA,1200,"Telephone","Como voc� avalia o Governo de Jair Bolsonaro at_ o momento?","IdeiaBigData","EXAME/IDEIA","Toledo/Piau�",NA,"BOLSONARO",2021-03-25,"2021-1","2021-03"
"196",2021,"Brazil","Bolsonaro",26,53,NA,19,2,"Ot-Bom",NA,3500,"Telephone-IVR","De maneira geral, como voc� avalia o trabalho do presidente Jair Bolsonaro?","DataPoder360","Band/PoderData","https://www.poder360.com.br/poderdata/rejeicao-ao-governo-segue-em-alta-mas-1-3-dos-eleitores-apoiam-bolsonaro/",NA,"BOLSONARO",2021-03-31,"2021-1","2021-03"
"197",2021,"Brazil","Bolsonaro",24,51.5,NA,22.3,2.2,"Ot-Bom",NA,1200,"Telephone","Como voc� avalia o Governo de Jair Bolsonaro at_ o momento?","IdeiaBigData","EXAME/IDEIA","Toledo/Piau�","2021-IdeaBigData-Toledo-Abril.jpeg","BOLSONARO",2021-04-08,"2021-2","2021-04"
"198",2021,"Brazil","Bolsonaro",26,55,NA,18,1,"Ot-Bom",NA,3500,"Telephone-IVR","De maneira geral, como voc� avalia o trabalho do presidente Jair Bolsonaro?","DataPoder360","Band/PoderData","https://www.poder360.com.br/poderdata/56-rejeitam-governo-bolsonaro-taxa-parece-ter-atingido-o-pico/",NA,"BOLSONARO",2021-04-14,"2021-2","2021-04"
"199",2021,"Brazil","Bolsonaro",23,52,NA,19,1,"Ot-Bom",NA,1200,"Telephone","Como voc� avalia o Governo de Jair Bolsonaro at_ o momento?","IdeiaBigData","EXAME/IDEIA","Toledo/Piau�","2021Toledo-IdeaBigData-Evolutivo - Avaliação e Aprovação do Governo Federal (07.4) (1).xlsx","BOLSONARO",2021-04-22,"2021-2","2021-04"
"200",2021,"Brazil","Bolsonaro",26,51,NA,19,4,"Ot-Bom",NA,2500,"Telephone-IVR","De maneira geral, como voc� avalia o trabalho do presidente Jair Bolsonaro?","DataPoder360","Band/PoderData","https://www.poder360.com.br/poderdata/57-desaprovam-e-35-aprovam-governo-bolsonaro-taxas-ficam-estaveis/",NA,"BOLSONARO",2021-04-28,"2021-2","2021-04"
"201",2021,"Brazil","Bolsonaro",31.5,52.6,NA,15.3,0.6,"Ot-Bom",NA,3828,"Online","Como voc� avalia o governo do presidente Jair Bolsonaro?","Atlas","Atlas","https://www.atlasintel.org/polls/general-release-polls",NA,"BOLSONARO",2021-05-09,"2021-2","2021-05"
"202",2021,"Brazil","Bolsonaro",24,45,NA,30,1,"Ot-Bom",NA,2071,"In person","Na sua opiniÜo o presidente Jair Bolsonaro estŕ fazendo um governo Ńtimo, bom, regular, ruim ou p_ssimo?","Datafolha","Datafolha","https://datafolha.folha.uol.com.br/opiniaopublica/2021/05/1989297-aprovacao-a-governo-bolsonaro-cai-de-30-para-24.shtml",NA,"BOLSONARO",2021-05-12,"2021-2","2021-05"
"203",2021,"Brazil","Bolsonaro",28,51,NA,19,2,"Ot-Bom",NA,2500,"Telephone-IVR","De maneira geral, como voc� avalia o trabalho do presidente Jair Bolsonaro?","DataPoder360","Band/PoderData","https://www.poder360.com.br/poderdata/rejeicao-segue-alta-mas-aprovacao-a-bolsonaro-e-ao-governo-ensaia-reacao/",NA,"BOLSONARO",2021-05-12,"2021-2","2021-05"
"204",2021,"Brazil","Bolsonaro",28,55,NA,13,4,"Ot-Bom",NA,2500,"Telephone-IVR","De maneira geral, como voc� avalia o trabalho do presidente Jair Bolsonaro?","DataPoder360","Band/PoderData","https://www.poder360.com.br/poderdata/rejeicao-ao-governo-bolsonaro-volta-ao-recorde-de-59-aprovacao-e-de-35/",NA,"BOLSONARO",2021-05-26,"2021-2","2021-05"
"205",2021,"Brazil","Bolsonaro",30,52,NA,17,1,"Ot-Bom",NA,2500,"Telephone-IVR","De maneira geral, como voc� avalia o trabalho do presidente Jair Bolsonaro?","DataPoder360","Band/PoderData","https://www.poder360.com.br/poderdata/reprovacao-ao-governo-bolsonaro-recua-para-54-mostra-poderdata/",NA,"BOLSONARO",2021-06-09,"2021-2","2021-06"
"206",2021,"Brazil","Bolsonaro",24,49,NA,26,1,"Ot-Bom",NA,2002,NA,"Na sua avaliaŤÜo, o governo do presidente Jair Bolsonaro estŕ sendo:","IBOPE","IPEC","https://g1.globo.com/politica/noticia/2021/06/24/aprovacao-do-governo-bolsonaro-cai-para-23percent-e-reprovacao-sobe-para-50percent-aponta-pesquisa-ipec.ghtml",NA,"BOLSONARO",2021-06-21,"2021-2","2021-06"
"207",2021,"Brazil","Bolsonaro",28,50,NA,19,3,"Ot-Bom",NA,2500,"Telephone-IVR","De maneira geral, como voc� avalia o trabalho do presidente Jair Bolsonaro?","DataPoder360","Band/PoderData","https://www.poder360.com.br/poderdata/para-50-bolsonaro-e-ruim-ou-pessimo-28-dizem-ser-otimo-ou-bom/",NA,"BOLSONARO",2021-06-23,"2021-2","2021-06"
